fecha_registro,nombre,capacidad,plazas_libres,longitud,latitud
2026-05-25 16:11:54,PARKING CHILE - AV. ARAGÓN,527,-1,-0.3560615672255923,39.470666137134444
2026-05-25 16:11:54,PARKING NAVARRO LLORENS - ABASTOS,391,-1,-0.3876034010344055,39.46705538942175
2026-05-25 16:11:54,CONDE ALTEA - SALAMANCA - CANOVAS,399,-1,-0.36538984652184026,39.4678947721927
2026-05-25 16:11:54,MARTI GRAJALES (MERCADO DEL CABAÑAL),369,-1,-0.3331683457411016,39.468412338176336
2026-05-25 16:11:54,AVENIDA OESTE - S. AGUSTÍN - S. VICENTE,805,-2,-0.3797675399984947,39.468347371729244
2026-05-25 16:11:54,INTERIOR HOSPITAL GENERAL UNIVERSITARIO DE VALENCIA,263,-1,-0.41003739916241133,39.46857562682237
2026-05-25 16:11:54,PRIMADO REIG - A. CATALUÑA,603,-1,-0.3555432220290346,39.47943785905445
2026-05-25 16:11:54,PALACIO DE CONGRESOS,565,-2,-0.4010165750530795,39.497625591871355
2026-05-25 16:11:54,EXPLORADOR ANDRÉS - ENCARNA MÁÑEZ,617,-1,-0.3451930979828903,39.4715981587251
2026-05-25 16:11:54,APARCAMIENTOS LA FE,977,-1,-0.37639609443946365,39.44454573895219
2026-05-25 16:11:54,PASEO NEPTUNO - EUGENIA VIÑES,373,-1,-0.32353924076080165,39.46346133852086
2026-05-25 16:11:54,DR. WAKSMAN,380,-2,-0.37460970146155265,39.45652856310022
2026-05-25 16:11:54,TRES CREUS,220,-2,-0.4062124955883482,39.46859838280286
2026-05-25 16:11:54,PORTA DE LA MAR - COLON,201,120,-0.3681538558615269,39.47179650455632
2026-05-25 16:11:54,RUZAFA,173,92,-0.3714138570102912,39.46249777436399
2026-05-25 16:11:54,REINO DE VALENCIA ,192,0,-0.36876652001024524,39.464486259601976
2026-05-25 16:11:54,PROFESOR TIERNO GALVÁN,375,48,-0.37126764227836423,39.48875134162354
2026-05-25 16:11:54,CENTRE HISTÒRIC-MERCAT CENTRAL,258,108,-0.3800475451927459,39.472802551757546
2026-05-25 16:11:54,AVINGUDA DE L’OEST,257,43,-0.3798712802433029,39.47122430252716
2026-05-25 16:11:54,ROIG ARENA,1034,907,-0.3672185242521055,39.451610949182275
2026-05-25 16:11:54,REINA ,207,20,-0.3755337454841827,39.474018649210635
2026-05-25 16:11:54,SEVERO OCHOA,371,277,-0.3641397437287907,39.477034045038
2026-05-25 16:11:54,GLORIETA - PAZ,375,156,-0.36982637018307707,39.47368117165146
2026-05-25 17:41:40,PARKING CHILE - AV. ARAGÓN,527,-1,-0.3560615672255923,39.470666137134444
2026-05-25 17:41:40,PARKING NAVARRO LLORENS - ABASTOS,391,-1,-0.3876034010344055,39.46705538942175
2026-05-25 17:41:40,CONDE ALTEA - SALAMANCA - CANOVAS,399,-1,-0.36538984652184026,39.4678947721927
2026-05-25 17:41:40,MARTI GRAJALES (MERCADO DEL CABAÑAL),369,-1,-0.3331683457411016,39.468412338176336
2026-05-25 17:41:40,AVENIDA OESTE - S. AGUSTÍN - S. VICENTE,805,-2,-0.3797675399984947,39.468347371729244
2026-05-25 17:41:40,INTERIOR HOSPITAL GENERAL UNIVERSITARIO DE VALENCIA,263,-1,-0.41003739916241133,39.46857562682237
2026-05-25 17:41:40,PRIMADO REIG - A. CATALUÑA,603,-1,-0.3555432220290346,39.47943785905445
2026-05-25 17:41:40,PALACIO DE CONGRESOS,565,-2,-0.4010165750530795,39.497625591871355
2026-05-25 17:41:40,EXPLORADOR ANDRÉS - ENCARNA MÁÑEZ,617,-1,-0.3451930979828903,39.4715981587251
2026-05-25 17:41:40,APARCAMIENTOS LA FE,977,-1,-0.37639609443946365,39.44454573895219
2026-05-25 17:41:40,PASEO NEPTUNO - EUGENIA VIÑES,373,-1,-0.32353924076080165,39.46346133852086
2026-05-25 17:41:40,DR. WAKSMAN,380,-2,-0.37460970146155265,39.45652856310022
2026-05-25 17:41:40,TRES CREUS,220,-2,-0.4062124955883482,39.46859838280286
2026-05-25 17:41:40,PORTA DE LA MAR - COLON,201,120,-0.3681538558615269,39.47179650455632
2026-05-25 17:41:40,RUZAFA,173,92,-0.3714138570102912,39.46249777436399
2026-05-25 17:41:40,REINO DE VALENCIA ,192,0,-0.36876652001024524,39.464486259601976
2026-05-25 17:41:40,PROFESOR TIERNO GALVÁN,375,30,-0.37126764227836423,39.48875134162354
2026-05-25 17:41:40,ROIG ARENA,1034,625,-0.3672185242521055,39.451610949182275
2026-05-25 17:41:40,AVINGUDA DE L’OEST,257,52,-0.3798712802433029,39.47122430252716
2026-05-25 17:41:40,REINA ,207,46,-0.3755337454841827,39.474018649210635
2026-05-25 17:41:40,CENTRE HISTÒRIC-MERCAT CENTRAL,258,124,-0.3800475451927459,39.472802551757546
2026-05-25 17:41:40,GLORIETA - PAZ,375,197,-0.36982637018307707,39.47368117165146
2026-05-25 17:41:40,SEVERO OCHOA,371,327,-0.3641397437287907,39.477034045038
2026-05-25 19:26:17,PARKING CHILE - AV. ARAGÓN,527,-1,-0.3560615672255923,39.470666137134444
2026-05-25 19:26:17,PARKING NAVARRO LLORENS - ABASTOS,391,-1,-0.3876034010344055,39.46705538942175
2026-05-25 19:26:17,CONDE ALTEA - SALAMANCA - CANOVAS,399,-1,-0.36538984652184026,39.4678947721927
2026-05-25 19:26:17,MARTI GRAJALES (MERCADO DEL CABAÑAL),369,-1,-0.3331683457411016,39.468412338176336
2026-05-25 19:26:17,AVENIDA OESTE - S. AGUSTÍN - S. VICENTE,805,-2,-0.3797675399984947,39.468347371729244
2026-05-25 19:26:17,INTERIOR HOSPITAL GENERAL UNIVERSITARIO DE VALENCIA,263,-1,-0.41003739916241133,39.46857562682237
2026-05-25 19:26:17,PRIMADO REIG - A. CATALUÑA,603,-1,-0.3555432220290346,39.47943785905445
2026-05-25 19:26:17,PALACIO DE CONGRESOS,565,-2,-0.4010165750530795,39.497625591871355
2026-05-25 19:26:17,EXPLORADOR ANDRÉS - ENCARNA MÁÑEZ,617,-1,-0.3451930979828903,39.4715981587251
2026-05-25 19:26:17,APARCAMIENTOS LA FE,977,-1,-0.37639609443946365,39.44454573895219
2026-05-25 19:26:17,PASEO NEPTUNO - EUGENIA VIÑES,373,-1,-0.32353924076080165,39.46346133852086
2026-05-25 19:26:17,DR. WAKSMAN,380,-2,-0.37460970146155265,39.45652856310022
2026-05-25 19:26:17,TRES CREUS,220,-2,-0.4062124955883482,39.46859838280286
2026-05-25 19:26:17,PORTA DE LA MAR - COLON,201,120,-0.3681538558615269,39.47179650455632
2026-05-25 19:26:17,RUZAFA,173,92,-0.3714138570102912,39.46249777436399
2026-05-25 19:26:17,REINO DE VALENCIA ,192,0,-0.36876652001024524,39.464486259601976
2026-05-25 19:26:17,CENTRE HISTÒRIC-MERCAT CENTRAL,258,177,-0.3800475451927459,39.472802551757546
2026-05-25 19:26:17,REINA ,207,79,-0.3755337454841827,39.474018649210635
2026-05-25 19:26:17,ROIG ARENA,1034,403,-0.3672185242521055,39.451610949182275
2026-05-25 19:26:17,PROFESOR TIERNO GALVÁN,375,17,-0.37126764227836423,39.48875134162354
2026-05-25 19:26:17,AVINGUDA DE L’OEST,257,103,-0.3798712802433029,39.47122430252716
2026-05-25 19:26:17,GLORIETA - PAZ,375,225,-0.36982637018307707,39.47368117165146
2026-05-25 19:26:17,SEVERO OCHOA,371,355,-0.3641397437287907,39.477034045038
2026-05-25 20:48:58,PARKING CHILE - AV. ARAGÓN,527,-1,-0.3560615672255923,39.470666137134444
2026-05-25 20:48:58,PARKING NAVARRO LLORENS - ABASTOS,391,-1,-0.3876034010344055,39.46705538942175
2026-05-25 20:48:58,CONDE ALTEA - SALAMANCA - CANOVAS,399,-1,-0.36538984652184026,39.4678947721927
2026-05-25 20:48:58,MARTI GRAJALES (MERCADO DEL CABAÑAL),369,-1,-0.3331683457411016,39.468412338176336
2026-05-25 20:48:58,AVENIDA OESTE - S. AGUSTÍN - S. VICENTE,805,-2,-0.3797675399984947,39.468347371729244
2026-05-25 20:48:58,INTERIOR HOSPITAL GENERAL UNIVERSITARIO DE VALENCIA,263,-1,-0.41003739916241133,39.46857562682237
2026-05-25 20:48:58,PRIMADO REIG - A. CATALUÑA,603,-1,-0.3555432220290346,39.47943785905445
2026-05-25 20:48:58,PALACIO DE CONGRESOS,565,-2,-0.4010165750530795,39.497625591871355
2026-05-25 20:48:58,EXPLORADOR ANDRÉS - ENCARNA MÁÑEZ,617,-1,-0.3451930979828903,39.4715981587251
2026-05-25 20:48:58,APARCAMIENTOS LA FE,977,-1,-0.37639609443946365,39.44454573895219
2026-05-25 20:48:58,PASEO NEPTUNO - EUGENIA VIÑES,373,-1,-0.32353924076080165,39.46346133852086
2026-05-25 20:48:58,DR. WAKSMAN,380,-2,-0.37460970146155265,39.45652856310022
2026-05-25 20:48:58,TRES CREUS,220,-2,-0.4062124955883482,39.46859838280286
2026-05-25 20:48:58,PORTA DE LA MAR - COLON,201,120,-0.3681538558615269,39.47179650455632
2026-05-25 20:48:58,RUZAFA,173,92,-0.3714138570102912,39.46249777436399
2026-05-25 20:48:58,REINO DE VALENCIA ,192,0,-0.36876652001024524,39.464486259601976
2026-05-25 20:48:58,PROFESOR TIERNO GALVÁN,375,10,-0.37126764227836423,39.48875134162354
2026-05-25 20:48:58,ROIG ARENA,1034,395,-0.3672185242521055,39.451610949182275
2026-05-25 20:48:58,AVINGUDA DE L’OEST,257,142,-0.3798712802433029,39.47122430252716
2026-05-25 20:48:58,CENTRE HISTÒRIC-MERCAT CENTRAL,258,196,-0.3800475451927459,39.472802551757546
2026-05-25 20:48:58,REINA ,207,102,-0.3755337454841827,39.474018649210635
2026-05-25 20:48:58,GLORIETA - PAZ,375,241,-0.36982637018307707,39.47368117165146
2026-05-25 20:48:58,SEVERO OCHOA,371,358,-0.3641397437287907,39.477034045038
2026-05-25 22:06:03,PARKING CHILE - AV. ARAGÓN,527,-1,-0.3560615672255923,39.470666137134444
2026-05-25 22:06:03,PARKING NAVARRO LLORENS - ABASTOS,391,-1,-0.3876034010344055,39.46705538942175
2026-05-25 22:06:03,CONDE ALTEA - SALAMANCA - CANOVAS,399,-1,-0.36538984652184026,39.4678947721927
2026-05-25 22:06:03,MARTI GRAJALES (MERCADO DEL CABAÑAL),369,-1,-0.3331683457411016,39.468412338176336
2026-05-25 22:06:03,AVENIDA OESTE - S. AGUSTÍN - S. VICENTE,805,-2,-0.3797675399984947,39.468347371729244
2026-05-25 22:06:03,INTERIOR HOSPITAL GENERAL UNIVERSITARIO DE VALENCIA,263,-1,-0.41003739916241133,39.46857562682237
2026-05-25 22:06:03,PRIMADO REIG - A. CATALUÑA,603,-1,-0.3555432220290346,39.47943785905445
2026-05-25 22:06:03,PALACIO DE CONGRESOS,565,-2,-0.4010165750530795,39.497625591871355
2026-05-25 22:06:03,EXPLORADOR ANDRÉS - ENCARNA MÁÑEZ,617,-1,-0.3451930979828903,39.4715981587251
2026-05-25 22:06:03,APARCAMIENTOS LA FE,977,-1,-0.37639609443946365,39.44454573895219
2026-05-25 22:06:03,PASEO NEPTUNO - EUGENIA VIÑES,373,-1,-0.32353924076080165,39.46346133852086
2026-05-25 22:06:03,DR. WAKSMAN,380,-2,-0.37460970146155265,39.45652856310022
2026-05-25 22:06:03,TRES CREUS,220,-2,-0.4062124955883482,39.46859838280286
2026-05-25 22:06:03,PORTA DE LA MAR - COLON,201,120,-0.3681538558615269,39.47179650455632
2026-05-25 22:06:03,RUZAFA,173,92,-0.3714138570102912,39.46249777436399
2026-05-25 22:06:03,REINO DE VALENCIA ,192,0,-0.36876652001024524,39.464486259601976
2026-05-25 22:06:03,ROIG ARENA,1034,903,-0.3672185242521055,39.451610949182275
2026-05-25 22:06:03,AVINGUDA DE L’OEST,257,162,-0.3798712802433029,39.47122430252716
2026-05-25 22:06:03,CENTRE HISTÒRIC-MERCAT CENTRAL,258,206,-0.3800475451927459,39.472802551757546
2026-05-25 22:06:03,REINA ,207,140,-0.3755337454841827,39.474018649210635
2026-05-25 22:06:03,PROFESOR TIERNO GALVÁN,375,13,-0.37126764227836423,39.48875134162354
2026-05-25 22:06:03,SEVERO OCHOA,371,359,-0.3641397437287907,39.477034045038
2026-05-25 22:06:03,GLORIETA - PAZ,375,252,-0.36982637018307707,39.47368117165146
2026-05-25 23:38:37,PARKING CHILE - AV. ARAGÓN,527,-1,-0.3560615672255923,39.470666137134444
2026-05-25 23:38:37,PARKING NAVARRO LLORENS - ABASTOS,391,-1,-0.3876034010344055,39.46705538942175
2026-05-25 23:38:37,CONDE ALTEA - SALAMANCA - CANOVAS,399,-1,-0.36538984652184026,39.4678947721927
2026-05-25 23:38:37,MARTI GRAJALES (MERCADO DEL CABAÑAL),369,-1,-0.3331683457411016,39.468412338176336
2026-05-25 23:38:37,AVENIDA OESTE - S. AGUSTÍN - S. VICENTE,805,-2,-0.3797675399984947,39.468347371729244
2026-05-25 23:38:37,INTERIOR HOSPITAL GENERAL UNIVERSITARIO DE VALENCIA,263,-1,-0.41003739916241133,39.46857562682237
2026-05-25 23:38:37,PRIMADO REIG - A. CATALUÑA,603,-1,-0.3555432220290346,39.47943785905445
2026-05-25 23:38:37,PALACIO DE CONGRESOS,565,-2,-0.4010165750530795,39.497625591871355
2026-05-25 23:38:37,EXPLORADOR ANDRÉS - ENCARNA MÁÑEZ,617,-1,-0.3451930979828903,39.4715981587251
2026-05-25 23:38:37,APARCAMIENTOS LA FE,977,-1,-0.37639609443946365,39.44454573895219
2026-05-25 23:38:37,PASEO NEPTUNO - EUGENIA VIÑES,373,-1,-0.32353924076080165,39.46346133852086
2026-05-25 23:38:37,DR. WAKSMAN,380,-2,-0.37460970146155265,39.45652856310022
2026-05-25 23:38:37,TRES CREUS,220,-2,-0.4062124955883482,39.46859838280286
2026-05-25 23:38:37,PORTA DE LA MAR - COLON,201,120,-0.3681538558615269,39.47179650455632
2026-05-25 23:38:37,RUZAFA,173,92,-0.3714138570102912,39.46249777436399
2026-05-25 23:38:37,REINO DE VALENCIA ,192,0,-0.36876652001024524,39.464486259601976
2026-05-25 23:38:37,CENTRE HISTÒRIC-MERCAT CENTRAL,258,205,-0.3800475451927459,39.472802551757546
2026-05-25 23:38:37,AVINGUDA DE L’OEST,257,169,-0.3798712802433029,39.47122430252716
2026-05-25 23:38:37,REINA ,207,154,-0.3755337454841827,39.474018649210635
2026-05-25 23:38:37,PROFESOR TIERNO GALVÁN,375,9,-0.37126764227836423,39.48875134162354
2026-05-25 23:38:37,ROIG ARENA,1034,1017,-0.3672185242521055,39.451610949182275
2026-05-25 23:38:37,GLORIETA - PAZ,375,254,-0.36982637018307707,39.47368117165146
2026-05-25 23:38:37,SEVERO OCHOA,371,360,-0.3641397437287907,39.477034045038
2026-05-26 02:53:11,PARKING CHILE - AV. ARAGÓN,527,-1,-0.3560615672255923,39.470666137134444
2026-05-26 02:53:11,PARKING NAVARRO LLORENS - ABASTOS,391,-1,-0.3876034010344055,39.46705538942175
2026-05-26 02:53:11,CONDE ALTEA - SALAMANCA - CANOVAS,399,-1,-0.36538984652184026,39.4678947721927
2026-05-26 02:53:11,MARTI GRAJALES (MERCADO DEL CABAÑAL),369,-1,-0.3331683457411016,39.468412338176336
2026-05-26 02:53:11,AVENIDA OESTE - S. AGUSTÍN - S. VICENTE,805,-2,-0.3797675399984947,39.468347371729244
2026-05-26 02:53:11,INTERIOR HOSPITAL GENERAL UNIVERSITARIO DE VALENCIA,263,-1,-0.41003739916241133,39.46857562682237
2026-05-26 02:53:11,PRIMADO REIG - A. CATALUÑA,603,-1,-0.3555432220290346,39.47943785905445
2026-05-26 02:53:11,PALACIO DE CONGRESOS,565,-2,-0.4010165750530795,39.497625591871355
2026-05-26 02:53:11,EXPLORADOR ANDRÉS - ENCARNA MÁÑEZ,617,-1,-0.3451930979828903,39.4715981587251
2026-05-26 02:53:11,APARCAMIENTOS LA FE,977,-1,-0.37639609443946365,39.44454573895219
2026-05-26 02:53:11,PASEO NEPTUNO - EUGENIA VIÑES,373,-1,-0.32353924076080165,39.46346133852086
2026-05-26 02:53:11,DR. WAKSMAN,380,-2,-0.37460970146155265,39.45652856310022
2026-05-26 02:53:11,TRES CREUS,220,-2,-0.4062124955883482,39.46859838280286
2026-05-26 02:53:11,PORTA DE LA MAR - COLON,201,120,-0.3681538558615269,39.47179650455632
2026-05-26 02:53:11,RUZAFA,173,92,-0.3714138570102912,39.46249777436399
2026-05-26 02:53:11,REINO DE VALENCIA ,192,0,-0.36876652001024524,39.464486259601976
2026-05-26 02:53:11,PROFESOR TIERNO GALVÁN,375,11,-0.37126764227836423,39.48875134162354
2026-05-26 02:53:11,CENTRE HISTÒRIC-MERCAT CENTRAL,258,207,-0.3800475451927459,39.472802551757546
2026-05-26 02:53:11,AVINGUDA DE L’OEST,257,172,-0.3798712802433029,39.47122430252716
2026-05-26 02:53:11,REINA ,207,155,-0.3755337454841827,39.474018649210635
2026-05-26 02:53:11,ROIG ARENA,1034,1018,-0.3672185242521055,39.451610949182275
2026-05-26 02:53:11,GLORIETA - PAZ,375,254,-0.36982637018307707,39.47368117165146
2026-05-26 02:53:11,SEVERO OCHOA,371,360,-0.3641397437287907,39.477034045038
2026-05-26 06:44:33,PARKING CHILE - AV. ARAGÓN,527,-1,-0.3560615672255923,39.470666137134444
2026-05-26 06:44:33,PARKING NAVARRO LLORENS - ABASTOS,391,-1,-0.3876034010344055,39.46705538942175
2026-05-26 06:44:33,CONDE ALTEA - SALAMANCA - CANOVAS,399,-1,-0.36538984652184026,39.4678947721927
2026-05-26 06:44:33,MARTI GRAJALES (MERCADO DEL CABAÑAL),369,-1,-0.3331683457411016,39.468412338176336
2026-05-26 06:44:33,AVENIDA OESTE - S. AGUSTÍN - S. VICENTE,805,-2,-0.3797675399984947,39.468347371729244
2026-05-26 06:44:33,INTERIOR HOSPITAL GENERAL UNIVERSITARIO DE VALENCIA,263,-1,-0.41003739916241133,39.46857562682237
2026-05-26 06:44:33,PRIMADO REIG - A. CATALUÑA,603,-1,-0.3555432220290346,39.47943785905445
2026-05-26 06:44:33,PALACIO DE CONGRESOS,565,-2,-0.4010165750530795,39.497625591871355
2026-05-26 06:44:33,EXPLORADOR ANDRÉS - ENCARNA MÁÑEZ,617,-1,-0.3451930979828903,39.4715981587251
2026-05-26 06:44:33,APARCAMIENTOS LA FE,977,-1,-0.37639609443946365,39.44454573895219
2026-05-26 06:44:33,PASEO NEPTUNO - EUGENIA VIÑES,373,-1,-0.32353924076080165,39.46346133852086
2026-05-26 06:44:33,DR. WAKSMAN,380,-2,-0.37460970146155265,39.45652856310022
2026-05-26 06:44:33,TRES CREUS,220,-2,-0.4062124955883482,39.46859838280286
2026-05-26 06:44:33,PORTA DE LA MAR - COLON,201,120,-0.3681538558615269,39.47179650455632
2026-05-26 06:44:33,RUZAFA,173,92,-0.3714138570102912,39.46249777436399
2026-05-26 06:44:33,REINO DE VALENCIA ,192,0,-0.36876652001024524,39.464486259601976
2026-05-26 06:44:33,REINA ,207,101,-0.3755337454841827,39.474018649210635
2026-05-26 06:44:33,SEVERO OCHOA,371,279,-0.3641397437287907,39.477034045038
2026-05-26 06:44:33,GLORIETA - PAZ,375,200,-0.36982637018307707,39.47368117165146
2026-05-26 06:44:33,PROFESOR TIERNO GALVÁN,375,62,-0.37126764227836423,39.48875134162354
2026-05-26 06:44:33,CENTRE HISTÒRIC-MERCAT CENTRAL,258,115,-0.3800475451927459,39.472802551757546
2026-05-26 06:44:33,ROIG ARENA,1034,1018,-0.3672185242521055,39.451610949182275
2026-05-26 06:44:33,AVINGUDA DE L’OEST,257,138,-0.3798712802433029,39.47122430252716
2026-05-26 13:53:20,PARKING CHILE - AV. ARAGÓN,527,-1,-0.3560615672255923,39.470666137134444
2026-05-26 13:53:20,PARKING NAVARRO LLORENS - ABASTOS,391,-1,-0.3876034010344055,39.46705538942175
2026-05-26 13:53:20,CONDE ALTEA - SALAMANCA - CANOVAS,399,-1,-0.36538984652184026,39.4678947721927
2026-05-26 13:53:20,MARTI GRAJALES (MERCADO DEL CABAÑAL),369,-1,-0.3331683457411016,39.468412338176336
2026-05-26 13:53:20,AVENIDA OESTE - S. AGUSTÍN - S. VICENTE,805,-2,-0.3797675399984947,39.468347371729244
2026-05-26 13:53:20,INTERIOR HOSPITAL GENERAL UNIVERSITARIO DE VALENCIA,263,-1,-0.41003739916241133,39.46857562682237
2026-05-26 13:53:20,PRIMADO REIG - A. CATALUÑA,603,-1,-0.3555432220290346,39.47943785905445
2026-05-26 13:53:20,PALACIO DE CONGRESOS,565,-2,-0.4010165750530795,39.497625591871355
2026-05-26 13:53:20,EXPLORADOR ANDRÉS - ENCARNA MÁÑEZ,617,-1,-0.3451930979828903,39.4715981587251
2026-05-26 13:53:20,APARCAMIENTOS LA FE,977,-1,-0.37639609443946365,39.44454573895219
2026-05-26 13:53:20,PASEO NEPTUNO - EUGENIA VIÑES,373,-1,-0.32353924076080165,39.46346133852086
2026-05-26 13:53:20,DR. WAKSMAN,380,-2,-0.37460970146155265,39.45652856310022
2026-05-26 13:53:20,TRES CREUS,220,-2,-0.4062124955883482,39.46859838280286
2026-05-26 13:53:20,PORTA DE LA MAR - COLON,201,120,-0.3681538558615269,39.47179650455632
2026-05-26 13:53:20,RUZAFA,173,92,-0.3714138570102912,39.46249777436399
2026-05-26 13:53:20,REINO DE VALENCIA ,192,0,-0.36876652001024524,39.464486259601976
2026-05-26 13:53:20,AVINGUDA DE L’OEST,257,68,-0.3798712802433029,39.47122430252716
2026-05-26 13:53:20,PROFESOR TIERNO GALVÁN,375,57,-0.37126764227836423,39.48875134162354
2026-05-26 13:53:20,ROIG ARENA,1034,1025,-0.3672185242521055,39.451610949182275
2026-05-26 13:53:20,SEVERO OCHOA,371,265,-0.3641397437287907,39.477034045038
2026-05-26 13:53:20,REINA ,207,25,-0.3755337454841827,39.474018649210635
2026-05-26 13:53:20,CENTRE HISTÒRIC-MERCAT CENTRAL,258,81,-0.3800475451927459,39.472802551757546
2026-05-26 13:53:20,GLORIETA - PAZ,375,111,-0.36982637018307707,39.47368117165146
2026-05-26 17:25:00,PARKING CHILE - AV. ARAGÓN,527,-1,-0.3560615672255923,39.470666137134444
2026-05-26 17:25:00,PARKING NAVARRO LLORENS - ABASTOS,391,-1,-0.3876034010344055,39.46705538942175
2026-05-26 17:25:00,CONDE ALTEA - SALAMANCA - CANOVAS,399,-1,-0.36538984652184026,39.4678947721927
2026-05-26 17:25:00,MARTI GRAJALES (MERCADO DEL CABAÑAL),369,-1,-0.3331683457411016,39.468412338176336
2026-05-26 17:25:00,AVENIDA OESTE - S. AGUSTÍN - S. VICENTE,805,-2,-0.3797675399984947,39.468347371729244
2026-05-26 17:25:00,INTERIOR HOSPITAL GENERAL UNIVERSITARIO DE VALENCIA,263,-1,-0.41003739916241133,39.46857562682237
2026-05-26 17:25:00,PRIMADO REIG - A. CATALUÑA,603,-1,-0.3555432220290346,39.47943785905445
2026-05-26 17:25:00,PALACIO DE CONGRESOS,565,-2,-0.4010165750530795,39.497625591871355
2026-05-26 17:25:00,EXPLORADOR ANDRÉS - ENCARNA MÁÑEZ,617,-1,-0.3451930979828903,39.4715981587251
2026-05-26 17:25:00,APARCAMIENTOS LA FE,977,-1,-0.37639609443946365,39.44454573895219
2026-05-26 17:25:00,PASEO NEPTUNO - EUGENIA VIÑES,373,-1,-0.32353924076080165,39.46346133852086
2026-05-26 17:25:00,DR. WAKSMAN,380,-2,-0.37460970146155265,39.45652856310022
2026-05-26 17:25:00,TRES CREUS,220,-2,-0.4062124955883482,39.46859838280286
2026-05-26 17:25:00,PORTA DE LA MAR - COLON,201,120,-0.3681538558615269,39.47179650455632
2026-05-26 17:25:00,RUZAFA,173,92,-0.3714138570102912,39.46249777436399
2026-05-26 17:25:00,REINO DE VALENCIA ,192,0,-0.36876652001024524,39.464486259601976
2026-05-26 17:25:00,PROFESOR TIERNO GALVÁN,375,42,-0.37126764227836423,39.48875134162354
2026-05-26 17:25:00,AVINGUDA DE L’OEST,257,74,-0.3798712802433029,39.47122430252716
2026-05-26 17:25:00,ROIG ARENA,1034,1030,-0.3672185242521055,39.451610949182275
2026-05-26 17:25:00,GLORIETA - PAZ,375,134,-0.36982637018307707,39.47368117165146
2026-05-26 17:25:00,SEVERO OCHOA,371,300,-0.3641397437287907,39.477034045038
2026-05-26 17:25:00,CENTRE HISTÒRIC-MERCAT CENTRAL,258,123,-0.3800475451927459,39.472802551757546
2026-05-26 17:25:00,REINA ,207,2,-0.3755337454841827,39.474018649210635
2026-05-26 19:33:22,PARKING CHILE - AV. ARAGÓN,527,-1,-0.3560615672255923,39.470666137134444
2026-05-26 19:33:22,PARKING NAVARRO LLORENS - ABASTOS,391,-1,-0.3876034010344055,39.46705538942175
2026-05-26 19:33:22,CONDE ALTEA - SALAMANCA - CANOVAS,399,-1,-0.36538984652184026,39.4678947721927
2026-05-26 19:33:22,MARTI GRAJALES (MERCADO DEL CABAÑAL),369,-1,-0.3331683457411016,39.468412338176336
2026-05-26 19:33:22,AVENIDA OESTE - S. AGUSTÍN - S. VICENTE,805,-2,-0.3797675399984947,39.468347371729244
2026-05-26 19:33:22,INTERIOR HOSPITAL GENERAL UNIVERSITARIO DE VALENCIA,263,-1,-0.41003739916241133,39.46857562682237
2026-05-26 19:33:22,PRIMADO REIG - A. CATALUÑA,603,-1,-0.3555432220290346,39.47943785905445
2026-05-26 19:33:22,PALACIO DE CONGRESOS,565,-2,-0.4010165750530795,39.497625591871355
2026-05-26 19:33:22,EXPLORADOR ANDRÉS - ENCARNA MÁÑEZ,617,-1,-0.3451930979828903,39.4715981587251
2026-05-26 19:33:22,APARCAMIENTOS LA FE,977,-1,-0.37639609443946365,39.44454573895219
2026-05-26 19:33:22,PASEO NEPTUNO - EUGENIA VIÑES,373,-1,-0.32353924076080165,39.46346133852086
2026-05-26 19:33:22,DR. WAKSMAN,380,-2,-0.37460970146155265,39.45652856310022
2026-05-26 19:33:22,TRES CREUS,220,-2,-0.4062124955883482,39.46859838280286
2026-05-26 19:33:22,PORTA DE LA MAR - COLON,201,120,-0.3681538558615269,39.47179650455632
2026-05-26 19:33:22,RUZAFA,173,92,-0.3714138570102912,39.46249777436399
2026-05-26 19:33:22,REINO DE VALENCIA ,192,0,-0.36876652001024524,39.464486259601976
2026-05-26 19:33:22,AVINGUDA DE L’OEST,257,118,-0.3798712802433029,39.47122430252716
2026-05-26 19:33:22,ROIG ARENA,1034,1033,-0.3672185242521055,39.451610949182275
2026-05-26 19:33:22,PROFESOR TIERNO GALVÁN,375,18,-0.37126764227836423,39.48875134162354
2026-05-26 19:33:22,REINA ,207,57,-0.3755337454841827,39.474018649210635
2026-05-26 19:33:22,GLORIETA - PAZ,375,218,-0.36982637018307707,39.47368117165146
2026-05-26 19:33:22,SEVERO OCHOA,371,353,-0.3641397437287907,39.477034045038
2026-05-26 19:33:22,CENTRE HISTÒRIC-MERCAT CENTRAL,258,173,-0.3800475451927459,39.472802551757546
2026-05-26 21:42:45,PARKING CHILE - AV. ARAGÓN,527,-1,-0.3560615672255923,39.470666137134444
2026-05-26 21:42:45,PARKING NAVARRO LLORENS - ABASTOS,391,-1,-0.3876034010344055,39.46705538942175
2026-05-26 21:42:45,CONDE ALTEA - SALAMANCA - CANOVAS,399,-1,-0.36538984652184026,39.4678947721927
2026-05-26 21:42:45,MARTI GRAJALES (MERCADO DEL CABAÑAL),369,-1,-0.3331683457411016,39.468412338176336
2026-05-26 21:42:45,AVENIDA OESTE - S. AGUSTÍN - S. VICENTE,805,-2,-0.3797675399984947,39.468347371729244
2026-05-26 21:42:45,INTERIOR HOSPITAL GENERAL UNIVERSITARIO DE VALENCIA,263,-1,-0.41003739916241133,39.46857562682237
2026-05-26 21:42:45,PRIMADO REIG - A. CATALUÑA,603,-1,-0.3555432220290346,39.47943785905445
2026-05-26 21:42:45,PALACIO DE CONGRESOS,565,-2,-0.4010165750530795,39.497625591871355
2026-05-26 21:42:45,EXPLORADOR ANDRÉS - ENCARNA MÁÑEZ,617,-1,-0.3451930979828903,39.4715981587251
2026-05-26 21:42:45,APARCAMIENTOS LA FE,977,-1,-0.37639609443946365,39.44454573895219
2026-05-26 21:42:45,PASEO NEPTUNO - EUGENIA VIÑES,373,-1,-0.32353924076080165,39.46346133852086
2026-05-26 21:42:45,DR. WAKSMAN,380,-2,-0.37460970146155265,39.45652856310022
2026-05-26 21:42:45,TRES CREUS,220,-2,-0.4062124955883482,39.46859838280286
2026-05-26 21:42:45,PORTA DE LA MAR - COLON,201,120,-0.3681538558615269,39.47179650455632
2026-05-26 21:42:45,RUZAFA,173,92,-0.3714138570102912,39.46249777436399
2026-05-26 21:42:45,REINO DE VALENCIA ,192,0,-0.36876652001024524,39.464486259601976
2026-05-26 21:42:45,AVINGUDA DE L’OEST,257,173,-0.3798712802433029,39.47122430252716
2026-05-26 21:42:45,PROFESOR TIERNO GALVÁN,375,13,-0.37126764227836423,39.48875134162354
2026-05-26 21:42:45,ROIG ARENA,1034,1033,-0.3672185242521055,39.451610949182275
2026-05-26 21:42:45,GLORIETA - PAZ,375,250,-0.36982637018307707,39.47368117165146
2026-05-26 21:42:45,SEVERO OCHOA,371,358,-0.3641397437287907,39.477034045038
2026-05-26 21:42:45,CENTRE HISTÒRIC-MERCAT CENTRAL,258,212,-0.3800475451927459,39.472802551757546
2026-05-26 21:42:45,REINA ,207,123,-0.3755337454841827,39.474018649210635
2026-05-26 23:07:55,PARKING CHILE - AV. ARAGÓN,527,-1,-0.3560615672255923,39.470666137134444
2026-05-26 23:07:55,PARKING NAVARRO LLORENS - ABASTOS,391,-1,-0.3876034010344055,39.46705538942175
2026-05-26 23:07:55,CONDE ALTEA - SALAMANCA - CANOVAS,399,-1,-0.36538984652184026,39.4678947721927
2026-05-26 23:07:55,MARTI GRAJALES (MERCADO DEL CABAÑAL),369,-1,-0.3331683457411016,39.468412338176336
2026-05-26 23:07:55,AVENIDA OESTE - S. AGUSTÍN - S. VICENTE,805,-2,-0.3797675399984947,39.468347371729244
2026-05-26 23:07:55,INTERIOR HOSPITAL GENERAL UNIVERSITARIO DE VALENCIA,263,-1,-0.41003739916241133,39.46857562682237
2026-05-26 23:07:55,PRIMADO REIG - A. CATALUÑA,603,-1,-0.3555432220290346,39.47943785905445
2026-05-26 23:07:55,PALACIO DE CONGRESOS,565,-2,-0.4010165750530795,39.497625591871355
2026-05-26 23:07:55,EXPLORADOR ANDRÉS - ENCARNA MÁÑEZ,617,-1,-0.3451930979828903,39.4715981587251
2026-05-26 23:07:55,APARCAMIENTOS LA FE,977,-1,-0.37639609443946365,39.44454573895219
2026-05-26 23:07:55,PASEO NEPTUNO - EUGENIA VIÑES,373,-1,-0.32353924076080165,39.46346133852086
2026-05-26 23:07:55,DR. WAKSMAN,380,-2,-0.37460970146155265,39.45652856310022
2026-05-26 23:07:55,TRES CREUS,220,-2,-0.4062124955883482,39.46859838280286
2026-05-26 23:07:55,PORTA DE LA MAR - COLON,201,120,-0.3681538558615269,39.47179650455632
2026-05-26 23:07:55,RUZAFA,173,92,-0.3714138570102912,39.46249777436399
2026-05-26 23:07:55,REINO DE VALENCIA ,192,0,-0.36876652001024524,39.464486259601976
2026-05-26 23:07:55,PROFESOR TIERNO GALVÁN,375,9,-0.37126764227836423,39.48875134162354
2026-05-26 23:07:55,AVINGUDA DE L’OEST,257,180,-0.3798712802433029,39.47122430252716
2026-05-26 23:07:55,ROIG ARENA,1034,1033,-0.3672185242521055,39.451610949182275
2026-05-26 23:07:55,GLORIETA - PAZ,375,259,-0.36982637018307707,39.47368117165146
2026-05-26 23:07:55,SEVERO OCHOA,371,358,-0.3641397437287907,39.477034045038
2026-05-26 23:07:55,CENTRE HISTÒRIC-MERCAT CENTRAL,258,227,-0.3800475451927459,39.472802551757546
2026-05-26 23:07:55,REINA ,207,150,-0.3755337454841827,39.474018649210635
2026-05-27 01:33:49,PARKING CHILE - AV. ARAGÓN,527,-1,-0.3560615672255923,39.470666137134444
2026-05-27 01:33:49,PARKING NAVARRO LLORENS - ABASTOS,391,-1,-0.3876034010344055,39.46705538942175
2026-05-27 01:33:49,CONDE ALTEA - SALAMANCA - CANOVAS,399,-1,-0.36538984652184026,39.4678947721927
2026-05-27 01:33:49,MARTI GRAJALES (MERCADO DEL CABAÑAL),369,-1,-0.3331683457411016,39.468412338176336
2026-05-27 01:33:49,AVENIDA OESTE - S. AGUSTÍN - S. VICENTE,805,-2,-0.3797675399984947,39.468347371729244
2026-05-27 01:33:49,INTERIOR HOSPITAL GENERAL UNIVERSITARIO DE VALENCIA,263,-1,-0.41003739916241133,39.46857562682237
2026-05-27 01:33:49,PRIMADO REIG - A. CATALUÑA,603,-1,-0.3555432220290346,39.47943785905445
2026-05-27 01:33:49,PALACIO DE CONGRESOS,565,-2,-0.4010165750530795,39.497625591871355
2026-05-27 01:33:49,EXPLORADOR ANDRÉS - ENCARNA MÁÑEZ,617,-1,-0.3451930979828903,39.4715981587251
2026-05-27 01:33:49,APARCAMIENTOS LA FE,977,-1,-0.37639609443946365,39.44454573895219
2026-05-27 01:33:49,PASEO NEPTUNO - EUGENIA VIÑES,373,-1,-0.32353924076080165,39.46346133852086
2026-05-27 01:33:49,DR. WAKSMAN,380,-2,-0.37460970146155265,39.45652856310022
2026-05-27 01:33:49,TRES CREUS,220,-2,-0.4062124955883482,39.46859838280286
2026-05-27 01:33:49,PORTA DE LA MAR - COLON,201,120,-0.3681538558615269,39.47179650455632
2026-05-27 01:33:49,RUZAFA,173,92,-0.3714138570102912,39.46249777436399
2026-05-27 01:33:49,REINO DE VALENCIA ,192,0,-0.36876652001024524,39.464486259601976
2026-05-27 01:33:49,PROFESOR TIERNO GALVÁN,375,9,-0.37126764227836423,39.48875134162354
2026-05-27 01:33:49,AVINGUDA DE L’OEST,257,179,-0.3798712802433029,39.47122430252716
2026-05-27 01:33:49,ROIG ARENA,1034,1033,-0.3672185242521055,39.451610949182275
2026-05-27 01:33:49,CENTRE HISTÒRIC-MERCAT CENTRAL,258,228,-0.3800475451927459,39.472802551757546
2026-05-27 01:33:49,REINA ,207,152,-0.3755337454841827,39.474018649210635
2026-05-27 01:33:49,SEVERO OCHOA,371,358,-0.3641397437287907,39.477034045038
2026-05-27 01:33:49,GLORIETA - PAZ,375,259,-0.36982637018307707,39.47368117165146
2026-05-27 06:18:38,PARKING CHILE - AV. ARAGÓN,527,-1,-0.3560615672255923,39.470666137134444
2026-05-27 06:18:38,PARKING NAVARRO LLORENS - ABASTOS,391,-1,-0.3876034010344055,39.46705538942175
2026-05-27 06:18:38,CONDE ALTEA - SALAMANCA - CANOVAS,399,-1,-0.36538984652184026,39.4678947721927
2026-05-27 06:18:38,MARTI GRAJALES (MERCADO DEL CABAÑAL),369,-1,-0.3331683457411016,39.468412338176336
2026-05-27 06:18:38,AVENIDA OESTE - S. AGUSTÍN - S. VICENTE,805,-2,-0.3797675399984947,39.468347371729244
2026-05-27 06:18:38,INTERIOR HOSPITAL GENERAL UNIVERSITARIO DE VALENCIA,263,-1,-0.41003739916241133,39.46857562682237
2026-05-27 06:18:38,PRIMADO REIG - A. CATALUÑA,603,-1,-0.3555432220290346,39.47943785905445
2026-05-27 06:18:38,PALACIO DE CONGRESOS,565,-2,-0.4010165750530795,39.497625591871355
2026-05-27 06:18:38,EXPLORADOR ANDRÉS - ENCARNA MÁÑEZ,617,-1,-0.3451930979828903,39.4715981587251
2026-05-27 06:18:38,APARCAMIENTOS LA FE,977,-1,-0.37639609443946365,39.44454573895219
2026-05-27 06:18:38,PASEO NEPTUNO - EUGENIA VIÑES,373,-1,-0.32353924076080165,39.46346133852086
2026-05-27 06:18:38,DR. WAKSMAN,380,-2,-0.37460970146155265,39.45652856310022
2026-05-27 06:18:38,TRES CREUS,220,-2,-0.4062124955883482,39.46859838280286
2026-05-27 06:18:38,PORTA DE LA MAR - COLON,201,120,-0.3681538558615269,39.47179650455632
2026-05-27 06:18:38,RUZAFA,173,92,-0.3714138570102912,39.46249777436399
2026-05-27 06:18:38,REINO DE VALENCIA ,192,0,-0.36876652001024524,39.464486259601976
2026-05-27 06:18:38,GLORIETA - PAZ,375,219,-0.36982637018307707,39.47368117165146
2026-05-27 06:18:38,AVINGUDA DE L’OEST,257,180,-0.3798712802433029,39.47122430252716
2026-05-27 06:18:38,CENTRE HISTÒRIC-MERCAT CENTRAL,258,139,-0.3800475451927459,39.472802551757546
2026-05-27 06:18:38,PROFESOR TIERNO GALVÁN,375,59,-0.37126764227836423,39.48875134162354
2026-05-27 06:18:38,ROIG ARENA,1034,1034,-0.3672185242521055,39.451610949182275
2026-05-27 06:18:38,SEVERO OCHOA,371,313,-0.3641397437287907,39.477034045038
2026-05-27 06:18:38,REINA ,207,136,-0.3755337454841827,39.474018649210635
2026-05-27 10:37:23,PARKING CHILE - AV. ARAGÓN,527,-1,-0.3560615672255923,39.470666137134444
2026-05-27 10:37:23,PARKING NAVARRO LLORENS - ABASTOS,391,-1,-0.3876034010344055,39.46705538942175
2026-05-27 10:37:23,CONDE ALTEA - SALAMANCA - CANOVAS,399,-1,-0.36538984652184026,39.4678947721927
2026-05-27 10:37:23,MARTI GRAJALES (MERCADO DEL CABAÑAL),369,-1,-0.3331683457411016,39.468412338176336
2026-05-27 10:37:23,AVENIDA OESTE - S. AGUSTÍN - S. VICENTE,805,-2,-0.3797675399984947,39.468347371729244
2026-05-27 10:37:23,INTERIOR HOSPITAL GENERAL UNIVERSITARIO DE VALENCIA,263,-1,-0.41003739916241133,39.46857562682237
2026-05-27 10:37:23,PRIMADO REIG - A. CATALUÑA,603,-1,-0.3555432220290346,39.47943785905445
2026-05-27 10:37:23,PALACIO DE CONGRESOS,565,-2,-0.4010165750530795,39.497625591871355
2026-05-27 10:37:23,EXPLORADOR ANDRÉS - ENCARNA MÁÑEZ,617,-1,-0.3451930979828903,39.4715981587251
2026-05-27 10:37:23,APARCAMIENTOS LA FE,977,-1,-0.37639609443946365,39.44454573895219
2026-05-27 10:37:23,PASEO NEPTUNO - EUGENIA VIÑES,373,-1,-0.32353924076080165,39.46346133852086
2026-05-27 10:37:23,DR. WAKSMAN,380,-2,-0.37460970146155265,39.45652856310022
2026-05-27 10:37:23,TRES CREUS,220,-2,-0.4062124955883482,39.46859838280286
2026-05-27 10:37:23,PORTA DE LA MAR - COLON,201,120,-0.3681538558615269,39.47179650455632
2026-05-27 10:37:23,RUZAFA,173,92,-0.3714138570102912,39.46249777436399
2026-05-27 10:37:23,REINO DE VALENCIA ,192,0,-0.36876652001024524,39.464486259601976
2026-05-27 10:37:23,CENTRE HISTÒRIC-MERCAT CENTRAL,258,60,-0.3800475451927459,39.472802551757546
2026-05-27 10:37:23,AVINGUDA DE L’OEST,257,113,-0.3798712802433029,39.47122430252716
2026-05-27 10:37:23,GLORIETA - PAZ,375,14,-0.36982637018307707,39.47368117165146
2026-05-27 10:37:23,PROFESOR TIERNO GALVÁN,375,70,-0.37126764227836423,39.48875134162354
2026-05-27 10:37:23,ROIG ARENA,1034,1032,-0.3672185242521055,39.451610949182275
2026-05-27 10:37:23,SEVERO OCHOA,371,77,-0.3641397437287907,39.477034045038
2026-05-27 10:37:23,REINA ,207,0,-0.3755337454841827,39.474018649210635
2026-05-27 14:25:44,PARKING CHILE - AV. ARAGÓN,527,-1,-0.3560615672255923,39.470666137134444
2026-05-27 14:25:44,PARKING NAVARRO LLORENS - ABASTOS,391,-1,-0.3876034010344055,39.46705538942175
2026-05-27 14:25:44,CONDE ALTEA - SALAMANCA - CANOVAS,399,-1,-0.36538984652184026,39.4678947721927
2026-05-27 14:25:44,MARTI GRAJALES (MERCADO DEL CABAÑAL),369,-1,-0.3331683457411016,39.468412338176336
2026-05-27 14:25:44,AVENIDA OESTE - S. AGUSTÍN - S. VICENTE,805,-2,-0.3797675399984947,39.468347371729244
2026-05-27 14:25:44,INTERIOR HOSPITAL GENERAL UNIVERSITARIO DE VALENCIA,263,-1,-0.41003739916241133,39.46857562682237
2026-05-27 14:25:44,PRIMADO REIG - A. CATALUÑA,603,-1,-0.3555432220290346,39.47943785905445
2026-05-27 14:25:44,PALACIO DE CONGRESOS,565,-2,-0.4010165750530795,39.497625591871355
2026-05-27 14:25:44,EXPLORADOR ANDRÉS - ENCARNA MÁÑEZ,617,-1,-0.3451930979828903,39.4715981587251
2026-05-27 14:25:44,APARCAMIENTOS LA FE,977,-1,-0.37639609443946365,39.44454573895219
2026-05-27 14:25:44,PASEO NEPTUNO - EUGENIA VIÑES,373,-1,-0.32353924076080165,39.46346133852086
2026-05-27 14:25:44,DR. WAKSMAN,380,-2,-0.37460970146155265,39.45652856310022
2026-05-27 14:25:44,TRES CREUS,220,-2,-0.4062124955883482,39.46859838280286
2026-05-27 14:25:44,PORTA DE LA MAR - COLON,201,120,-0.3681538558615269,39.47179650455632
2026-05-27 14:25:44,RUZAFA,173,92,-0.3714138570102912,39.46249777436399
2026-05-27 14:25:44,REINO DE VALENCIA ,192,0,-0.36876652001024524,39.464486259601976
2026-05-27 14:25:44,CENTRE HISTÒRIC-MERCAT CENTRAL,258,95,-0.3800475451927459,39.472802551757546
2026-05-27 14:25:44,AVINGUDA DE L’OEST,257,79,-0.3798712802433029,39.47122430252716
2026-05-27 14:25:44,GLORIETA - PAZ,375,141,-0.36982637018307707,39.47368117165146
2026-05-27 14:25:44,PROFESOR TIERNO GALVÁN,375,53,-0.37126764227836423,39.48875134162354
2026-05-27 14:25:44,ROIG ARENA,1034,1033,-0.3672185242521055,39.451610949182275
2026-05-27 14:25:44,SEVERO OCHOA,371,258,-0.3641397437287907,39.477034045038
2026-05-27 14:25:44,REINA ,207,32,-0.3755337454841827,39.474018649210635
2026-05-27 17:41:20,PARKING CHILE - AV. ARAGÓN,527,-1,-0.3560615672255923,39.470666137134444
2026-05-27 17:41:20,PARKING NAVARRO LLORENS - ABASTOS,391,-1,-0.3876034010344055,39.46705538942175
2026-05-27 17:41:20,CONDE ALTEA - SALAMANCA - CANOVAS,399,-1,-0.36538984652184026,39.4678947721927
2026-05-27 17:41:20,MARTI GRAJALES (MERCADO DEL CABAÑAL),369,-1,-0.3331683457411016,39.468412338176336
2026-05-27 17:41:20,AVENIDA OESTE - S. AGUSTÍN - S. VICENTE,805,-2,-0.3797675399984947,39.468347371729244
2026-05-27 17:41:20,INTERIOR HOSPITAL GENERAL UNIVERSITARIO DE VALENCIA,263,-1,-0.41003739916241133,39.46857562682237
2026-05-27 17:41:20,PRIMADO REIG - A. CATALUÑA,603,-1,-0.3555432220290346,39.47943785905445
2026-05-27 17:41:20,PALACIO DE CONGRESOS,565,-2,-0.4010165750530795,39.497625591871355
2026-05-27 17:41:20,EXPLORADOR ANDRÉS - ENCARNA MÁÑEZ,617,-1,-0.3451930979828903,39.4715981587251
2026-05-27 17:41:20,APARCAMIENTOS LA FE,977,-1,-0.37639609443946365,39.44454573895219
2026-05-27 17:41:20,PASEO NEPTUNO - EUGENIA VIÑES,373,-1,-0.32353924076080165,39.46346133852086
2026-05-27 17:41:20,DR. WAKSMAN,380,-2,-0.37460970146155265,39.45652856310022
2026-05-27 17:41:20,TRES CREUS,220,-2,-0.4062124955883482,39.46859838280286
2026-05-27 17:41:20,PORTA DE LA MAR - COLON,201,120,-0.3681538558615269,39.47179650455632
2026-05-27 17:41:20,RUZAFA,173,92,-0.3714138570102912,39.46249777436399
2026-05-27 17:41:20,REINO DE VALENCIA ,192,0,-0.36876652001024524,39.464486259601976
2026-05-27 17:41:20,GLORIETA - PAZ,375,151,-0.36982637018307707,39.47368117165146
2026-05-27 17:41:20,CENTRE HISTÒRIC-MERCAT CENTRAL,258,110,-0.3800475451927459,39.472802551757546
2026-05-27 17:41:20,AVINGUDA DE L’OEST,257,44,-0.3798712802433029,39.47122430252716
2026-05-27 17:41:20,PROFESOR TIERNO GALVÁN,375,34,-0.37126764227836423,39.48875134162354
2026-05-27 17:41:20,ROIG ARENA,1034,1034,-0.3672185242521055,39.451610949182275
2026-05-27 17:41:20,SEVERO OCHOA,371,318,-0.3641397437287907,39.477034045038
2026-05-27 17:41:20,REINA ,207,1,-0.3755337454841827,39.474018649210635
2026-05-27 20:12:13,PARKING CHILE - AV. ARAGÓN,527,-1,-0.3560615672255923,39.470666137134444
2026-05-27 20:12:13,PARKING NAVARRO LLORENS - ABASTOS,391,-1,-0.3876034010344055,39.46705538942175
2026-05-27 20:12:13,CONDE ALTEA - SALAMANCA - CANOVAS,399,-1,-0.36538984652184026,39.4678947721927
2026-05-27 20:12:13,MARTI GRAJALES (MERCADO DEL CABAÑAL),369,-1,-0.3331683457411016,39.468412338176336
2026-05-27 20:12:13,AVENIDA OESTE - S. AGUSTÍN - S. VICENTE,805,-2,-0.3797675399984947,39.468347371729244
2026-05-27 20:12:13,INTERIOR HOSPITAL GENERAL UNIVERSITARIO DE VALENCIA,263,-1,-0.41003739916241133,39.46857562682237
2026-05-27 20:12:13,PRIMADO REIG - A. CATALUÑA,603,-1,-0.3555432220290346,39.47943785905445
2026-05-27 20:12:13,PALACIO DE CONGRESOS,565,-2,-0.4010165750530795,39.497625591871355
2026-05-27 20:12:13,EXPLORADOR ANDRÉS - ENCARNA MÁÑEZ,617,-1,-0.3451930979828903,39.4715981587251
2026-05-27 20:12:13,APARCAMIENTOS LA FE,977,-1,-0.37639609443946365,39.44454573895219
2026-05-27 20:12:13,PASEO NEPTUNO - EUGENIA VIÑES,373,-1,-0.32353924076080165,39.46346133852086
2026-05-27 20:12:13,DR. WAKSMAN,380,-2,-0.37460970146155265,39.45652856310022
2026-05-27 20:12:13,TRES CREUS,220,-2,-0.4062124955883482,39.46859838280286
2026-05-27 20:12:13,PORTA DE LA MAR - COLON,201,120,-0.3681538558615269,39.47179650455632
2026-05-27 20:12:13,RUZAFA,173,92,-0.3714138570102912,39.46249777436399
2026-05-27 20:12:13,REINO DE VALENCIA ,192,0,-0.36876652001024524,39.464486259601976
2026-05-27 20:12:13,CENTRE HISTÒRIC-MERCAT CENTRAL,258,163,-0.3800475451927459,39.472802551757546
2026-05-27 20:12:13,GLORIETA - PAZ,375,206,-0.36982637018307707,39.47368117165146
2026-05-27 20:12:13,AVINGUDA DE L’OEST,257,108,-0.3798712802433029,39.47122430252716
2026-05-27 20:12:13,ROIG ARENA,1034,1034,-0.3672185242521055,39.451610949182275
2026-05-27 20:12:13,PROFESOR TIERNO GALVÁN,375,21,-0.37126764227836423,39.48875134162354
2026-05-27 20:12:13,REINA ,207,43,-0.3755337454841827,39.474018649210635
2026-05-27 20:12:13,SEVERO OCHOA,371,364,-0.3641397437287907,39.477034045038
2026-05-27 22:17:04,PARKING CHILE - AV. ARAGÓN,527,-1,-0.3560615672255923,39.470666137134444
2026-05-27 22:17:04,PARKING NAVARRO LLORENS - ABASTOS,391,-1,-0.3876034010344055,39.46705538942175
2026-05-27 22:17:04,CONDE ALTEA - SALAMANCA - CANOVAS,399,-1,-0.36538984652184026,39.4678947721927
2026-05-27 22:17:04,MARTI GRAJALES (MERCADO DEL CABAÑAL),369,-1,-0.3331683457411016,39.468412338176336
2026-05-27 22:17:04,AVENIDA OESTE - S. AGUSTÍN - S. VICENTE,805,-2,-0.3797675399984947,39.468347371729244
2026-05-27 22:17:04,INTERIOR HOSPITAL GENERAL UNIVERSITARIO DE VALENCIA,263,-1,-0.41003739916241133,39.46857562682237
2026-05-27 22:17:04,PRIMADO REIG - A. CATALUÑA,603,-1,-0.3555432220290346,39.47943785905445
2026-05-27 22:17:04,PALACIO DE CONGRESOS,565,-2,-0.4010165750530795,39.497625591871355
2026-05-27 22:17:04,EXPLORADOR ANDRÉS - ENCARNA MÁÑEZ,617,-1,-0.3451930979828903,39.4715981587251
2026-05-27 22:17:04,APARCAMIENTOS LA FE,977,-1,-0.37639609443946365,39.44454573895219
2026-05-27 22:17:04,PASEO NEPTUNO - EUGENIA VIÑES,373,-1,-0.32353924076080165,39.46346133852086
2026-05-27 22:17:04,DR. WAKSMAN,380,-2,-0.37460970146155265,39.45652856310022
2026-05-27 22:17:04,TRES CREUS,220,-2,-0.4062124955883482,39.46859838280286
2026-05-27 22:17:04,PORTA DE LA MAR - COLON,201,120,-0.3681538558615269,39.47179650455632
2026-05-27 22:17:04,RUZAFA,173,92,-0.3714138570102912,39.46249777436399
2026-05-27 22:17:04,REINO DE VALENCIA ,192,0,-0.36876652001024524,39.464486259601976
2026-05-27 22:17:04,GLORIETA - PAZ,375,245,-0.36982637018307707,39.47368117165146
2026-05-27 22:17:04,AVINGUDA DE L’OEST,257,170,-0.3798712802433029,39.47122430252716
2026-05-27 22:17:04,CENTRE HISTÒRIC-MERCAT CENTRAL,258,208,-0.3800475451927459,39.472802551757546
2026-05-27 22:17:04,PROFESOR TIERNO GALVÁN,375,14,-0.37126764227836423,39.48875134162354
2026-05-27 22:17:04,ROIG ARENA,1034,1034,-0.3672185242521055,39.451610949182275
2026-05-27 22:17:04,SEVERO OCHOA,371,365,-0.3641397437287907,39.477034045038
2026-05-27 22:17:04,REINA ,207,141,-0.3755337454841827,39.474018649210635
2026-05-27 23:44:09,PARKING CHILE - AV. ARAGÓN,527,-1,-0.3560615672255923,39.470666137134444
2026-05-27 23:44:09,PARKING NAVARRO LLORENS - ABASTOS,391,-1,-0.3876034010344055,39.46705538942175
2026-05-27 23:44:09,CONDE ALTEA - SALAMANCA - CANOVAS,399,-1,-0.36538984652184026,39.4678947721927
2026-05-27 23:44:09,MARTI GRAJALES (MERCADO DEL CABAÑAL),369,-1,-0.3331683457411016,39.468412338176336
2026-05-27 23:44:09,AVENIDA OESTE - S. AGUSTÍN - S. VICENTE,805,-2,-0.3797675399984947,39.468347371729244
2026-05-27 23:44:09,INTERIOR HOSPITAL GENERAL UNIVERSITARIO DE VALENCIA,263,-1,-0.41003739916241133,39.46857562682237
2026-05-27 23:44:09,PRIMADO REIG - A. CATALUÑA,603,-1,-0.3555432220290346,39.47943785905445
2026-05-27 23:44:09,PALACIO DE CONGRESOS,565,-2,-0.4010165750530795,39.497625591871355
2026-05-27 23:44:09,EXPLORADOR ANDRÉS - ENCARNA MÁÑEZ,617,-1,-0.3451930979828903,39.4715981587251
2026-05-27 23:44:09,APARCAMIENTOS LA FE,977,-1,-0.37639609443946365,39.44454573895219
2026-05-27 23:44:09,PASEO NEPTUNO - EUGENIA VIÑES,373,-1,-0.32353924076080165,39.46346133852086
2026-05-27 23:44:09,DR. WAKSMAN,380,-2,-0.37460970146155265,39.45652856310022
2026-05-27 23:44:09,TRES CREUS,220,-2,-0.4062124955883482,39.46859838280286
2026-05-27 23:44:09,PORTA DE LA MAR - COLON,201,120,-0.3681538558615269,39.47179650455632
2026-05-27 23:44:09,RUZAFA,173,92,-0.3714138570102912,39.46249777436399
2026-05-27 23:44:09,REINO DE VALENCIA ,192,0,-0.36876652001024524,39.464486259601976
2026-05-27 23:44:09,CENTRE HISTÒRIC-MERCAT CENTRAL,258,212,-0.3800475451927459,39.472802551757546
2026-05-27 23:44:09,AVINGUDA DE L’OEST,257,173,-0.3798712802433029,39.47122430252716
2026-05-27 23:44:09,GLORIETA - PAZ,375,257,-0.36982637018307707,39.47368117165146
2026-05-27 23:44:09,ROIG ARENA,1034,1034,-0.3672185242521055,39.451610949182275
2026-05-27 23:44:09,PROFESOR TIERNO GALVÁN,375,13,-0.37126764227836423,39.48875134162354
2026-05-27 23:44:09,SEVERO OCHOA,371,365,-0.3641397437287907,39.477034045038
2026-05-27 23:44:09,REINA ,207,148,-0.3755337454841827,39.474018649210635
2026-05-28 02:52:03,PARKING CHILE - AV. ARAGÓN,527,-1,-0.3560615672255923,39.470666137134444
2026-05-28 02:52:03,PARKING NAVARRO LLORENS - ABASTOS,391,-1,-0.3876034010344055,39.46705538942175
2026-05-28 02:52:03,CONDE ALTEA - SALAMANCA - CANOVAS,399,-1,-0.36538984652184026,39.4678947721927
2026-05-28 02:52:03,MARTI GRAJALES (MERCADO DEL CABAÑAL),369,-1,-0.3331683457411016,39.468412338176336
2026-05-28 02:52:03,AVENIDA OESTE - S. AGUSTÍN - S. VICENTE,805,-2,-0.3797675399984947,39.468347371729244
2026-05-28 02:52:03,INTERIOR HOSPITAL GENERAL UNIVERSITARIO DE VALENCIA,263,-1,-0.41003739916241133,39.46857562682237
2026-05-28 02:52:03,PRIMADO REIG - A. CATALUÑA,603,-1,-0.3555432220290346,39.47943785905445
2026-05-28 02:52:03,PALACIO DE CONGRESOS,565,-2,-0.4010165750530795,39.497625591871355
2026-05-28 02:52:03,EXPLORADOR ANDRÉS - ENCARNA MÁÑEZ,617,-1,-0.3451930979828903,39.4715981587251
2026-05-28 02:52:03,APARCAMIENTOS LA FE,977,-1,-0.37639609443946365,39.44454573895219
2026-05-28 02:52:03,PASEO NEPTUNO - EUGENIA VIÑES,373,-1,-0.32353924076080165,39.46346133852086
2026-05-28 02:52:03,DR. WAKSMAN,380,-2,-0.37460970146155265,39.45652856310022
2026-05-28 02:52:03,TRES CREUS,220,-2,-0.4062124955883482,39.46859838280286
2026-05-28 02:52:03,PORTA DE LA MAR - COLON,201,120,-0.3681538558615269,39.47179650455632
2026-05-28 02:52:03,RUZAFA,173,92,-0.3714138570102912,39.46249777436399
2026-05-28 02:52:03,REINO DE VALENCIA ,192,0,-0.36876652001024524,39.464486259601976
2026-05-28 02:52:03,AVINGUDA DE L’OEST,257,177,-0.3798712802433029,39.47122430252716
2026-05-28 02:52:03,CENTRE HISTÒRIC-MERCAT CENTRAL,258,213,-0.3800475451927459,39.472802551757546
2026-05-28 02:52:03,GLORIETA - PAZ,375,262,-0.36982637018307707,39.47368117165146
2026-05-28 02:52:03,ROIG ARENA,1034,1034,-0.3672185242521055,39.451610949182275
2026-05-28 02:52:03,PROFESOR TIERNO GALVÁN,375,15,-0.37126764227836423,39.48875134162354
2026-05-28 02:52:03,SEVERO OCHOA,371,365,-0.3641397437287907,39.477034045038
2026-05-28 02:52:03,REINA ,207,148,-0.3755337454841827,39.474018649210635
2026-05-28 06:53:20,PARKING CHILE - AV. ARAGÓN,527,-1,-0.3560615672255923,39.470666137134444
2026-05-28 06:53:20,PARKING NAVARRO LLORENS - ABASTOS,391,-1,-0.3876034010344055,39.46705538942175
2026-05-28 06:53:20,CONDE ALTEA - SALAMANCA - CANOVAS,399,-1,-0.36538984652184026,39.4678947721927
2026-05-28 06:53:20,MARTI GRAJALES (MERCADO DEL CABAÑAL),369,-1,-0.3331683457411016,39.468412338176336
2026-05-28 06:53:20,AVENIDA OESTE - S. AGUSTÍN - S. VICENTE,805,-2,-0.3797675399984947,39.468347371729244
2026-05-28 06:53:20,INTERIOR HOSPITAL GENERAL UNIVERSITARIO DE VALENCIA,263,-1,-0.41003739916241133,39.46857562682237
2026-05-28 06:53:20,PRIMADO REIG - A. CATALUÑA,603,-1,-0.3555432220290346,39.47943785905445
2026-05-28 06:53:20,PALACIO DE CONGRESOS,565,-2,-0.4010165750530795,39.497625591871355
2026-05-28 06:53:20,EXPLORADOR ANDRÉS - ENCARNA MÁÑEZ,617,-1,-0.3451930979828903,39.4715981587251
2026-05-28 06:53:20,APARCAMIENTOS LA FE,977,-1,-0.37639609443946365,39.44454573895219
2026-05-28 06:53:20,PASEO NEPTUNO - EUGENIA VIÑES,373,-1,-0.32353924076080165,39.46346133852086
2026-05-28 06:53:20,DR. WAKSMAN,380,-2,-0.37460970146155265,39.45652856310022
2026-05-28 06:53:20,TRES CREUS,220,-2,-0.4062124955883482,39.46859838280286
2026-05-28 06:53:20,PORTA DE LA MAR - COLON,201,120,-0.3681538558615269,39.47179650455632
2026-05-28 06:53:20,RUZAFA,173,92,-0.3714138570102912,39.46249777436399
2026-05-28 06:53:20,REINO DE VALENCIA ,192,0,-0.36876652001024524,39.464486259601976
2026-05-28 06:53:20,GLORIETA - PAZ,375,195,-0.36982637018307707,39.47368117165146
2026-05-28 06:53:20,REINA ,207,96,-0.3755337454841827,39.474018649210635
2026-05-28 06:53:20,CENTRE HISTÒRIC-MERCAT CENTRAL,258,106,-0.3800475451927459,39.472802551757546
2026-05-28 06:53:20,AVINGUDA DE L’OEST,257,157,-0.3798712802433029,39.47122430252716
2026-05-28 06:53:20,PROFESOR TIERNO GALVÁN,375,75,-0.37126764227836423,39.48875134162354
2026-05-28 06:53:20,SEVERO OCHOA,371,245,-0.3641397437287907,39.477034045038
2026-05-28 06:53:20,ROIG ARENA,1034,1032,-0.3672185242521055,39.451610949182275
2026-05-28 10:53:55,PARKING CHILE - AV. ARAGÓN,527,-1,-0.3560615672255923,39.470666137134444
2026-05-28 10:53:55,PARKING NAVARRO LLORENS - ABASTOS,391,-1,-0.3876034010344055,39.46705538942175
2026-05-28 10:53:55,CONDE ALTEA - SALAMANCA - CANOVAS,399,-1,-0.36538984652184026,39.4678947721927
2026-05-28 10:53:55,MARTI GRAJALES (MERCADO DEL CABAÑAL),369,-1,-0.3331683457411016,39.468412338176336
2026-05-28 10:53:55,AVENIDA OESTE - S. AGUSTÍN - S. VICENTE,805,-2,-0.3797675399984947,39.468347371729244
2026-05-28 10:53:55,INTERIOR HOSPITAL GENERAL UNIVERSITARIO DE VALENCIA,263,-1,-0.41003739916241133,39.46857562682237
2026-05-28 10:53:55,PRIMADO REIG - A. CATALUÑA,603,-1,-0.3555432220290346,39.47943785905445
2026-05-28 10:53:55,PALACIO DE CONGRESOS,565,-2,-0.4010165750530795,39.497625591871355
2026-05-28 10:53:55,EXPLORADOR ANDRÉS - ENCARNA MÁÑEZ,617,-1,-0.3451930979828903,39.4715981587251
2026-05-28 10:53:55,APARCAMIENTOS LA FE,977,-1,-0.37639609443946365,39.44454573895219
2026-05-28 10:53:55,PASEO NEPTUNO - EUGENIA VIÑES,373,-1,-0.32353924076080165,39.46346133852086
2026-05-28 10:53:55,DR. WAKSMAN,380,-2,-0.37460970146155265,39.45652856310022
2026-05-28 10:53:55,TRES CREUS,220,-2,-0.4062124955883482,39.46859838280286
2026-05-28 10:53:55,PORTA DE LA MAR - COLON,201,120,-0.3681538558615269,39.47179650455632
2026-05-28 10:53:55,RUZAFA,173,92,-0.3714138570102912,39.46249777436399
2026-05-28 10:53:55,REINO DE VALENCIA ,192,0,-0.36876652001024524,39.464486259601976
2026-05-28 10:53:55,GLORIETA - PAZ,375,1,-0.36982637018307707,39.47368117165146
2026-05-28 10:53:55,PROFESOR TIERNO GALVÁN,375,84,-0.37126764227836423,39.48875134162354
2026-05-28 10:53:55,AVINGUDA DE L’OEST,257,3,-0.3798712802433029,39.47122430252716
2026-05-28 10:53:55,ROIG ARENA,1034,1011,-0.3672185242521055,39.451610949182275
2026-05-28 10:53:55,CENTRE HISTÒRIC-MERCAT CENTRAL,258,14,-0.3800475451927459,39.472802551757546
2026-05-28 10:53:55,SEVERO OCHOA,371,153,-0.3641397437287907,39.477034045038
2026-05-28 10:53:55,REINA ,207,0,-0.3755337454841827,39.474018649210635
2026-05-28 14:37:35,PARKING CHILE - AV. ARAGÓN,527,-1,-0.3560615672255923,39.470666137134444
2026-05-28 14:37:35,PARKING NAVARRO LLORENS - ABASTOS,391,-1,-0.3876034010344055,39.46705538942175
2026-05-28 14:37:35,CONDE ALTEA - SALAMANCA - CANOVAS,399,-1,-0.36538984652184026,39.4678947721927
2026-05-28 14:37:35,MARTI GRAJALES (MERCADO DEL CABAÑAL),369,-1,-0.3331683457411016,39.468412338176336
2026-05-28 14:37:35,AVENIDA OESTE - S. AGUSTÍN - S. VICENTE,805,-2,-0.3797675399984947,39.468347371729244
2026-05-28 14:37:35,INTERIOR HOSPITAL GENERAL UNIVERSITARIO DE VALENCIA,263,-1,-0.41003739916241133,39.46857562682237
2026-05-28 14:37:35,PRIMADO REIG - A. CATALUÑA,603,-1,-0.3555432220290346,39.47943785905445
2026-05-28 14:37:35,PALACIO DE CONGRESOS,565,-2,-0.4010165750530795,39.497625591871355
2026-05-28 14:37:35,EXPLORADOR ANDRÉS - ENCARNA MÁÑEZ,617,-1,-0.3451930979828903,39.4715981587251
2026-05-28 14:37:35,APARCAMIENTOS LA FE,977,-1,-0.37639609443946365,39.44454573895219
2026-05-28 14:37:35,PASEO NEPTUNO - EUGENIA VIÑES,373,-1,-0.32353924076080165,39.46346133852086
2026-05-28 14:37:35,DR. WAKSMAN,380,-2,-0.37460970146155265,39.45652856310022
2026-05-28 14:37:35,TRES CREUS,220,-2,-0.4062124955883482,39.46859838280286
2026-05-28 14:37:35,PORTA DE LA MAR - COLON,201,120,-0.3681538558615269,39.47179650455632
2026-05-28 14:37:35,RUZAFA,173,92,-0.3714138570102912,39.46249777436399
2026-05-28 14:37:35,REINO DE VALENCIA ,192,0,-0.36876652001024524,39.464486259601976
2026-05-28 14:37:35,GLORIETA - PAZ,375,110,-0.36982637018307707,39.47368117165146
2026-05-28 14:37:35,PROFESOR TIERNO GALVÁN,375,55,-0.37126764227836423,39.48875134162354
2026-05-28 14:37:35,SEVERO OCHOA,371,277,-0.3641397437287907,39.477034045038
2026-05-28 14:37:35,REINA ,207,20,-0.3755337454841827,39.474018649210635
2026-05-28 14:37:35,ROIG ARENA,1034,1002,-0.3672185242521055,39.451610949182275
2026-05-28 14:37:35,AVINGUDA DE L’OEST,257,87,-0.3798712802433029,39.47122430252716
2026-05-28 14:37:35,CENTRE HISTÒRIC-MERCAT CENTRAL,258,18,-0.3800475451927459,39.472802551757546
2026-05-28 18:09:46,PARKING CHILE - AV. ARAGÓN,527,-1,-0.3560615672255923,39.470666137134444
2026-05-28 18:09:46,PARKING NAVARRO LLORENS - ABASTOS,391,-1,-0.3876034010344055,39.46705538942175
2026-05-28 18:09:46,CONDE ALTEA - SALAMANCA - CANOVAS,399,-1,-0.36538984652184026,39.4678947721927
2026-05-28 18:09:46,MARTI GRAJALES (MERCADO DEL CABAÑAL),369,-1,-0.3331683457411016,39.468412338176336
2026-05-28 18:09:46,AVENIDA OESTE - S. AGUSTÍN - S. VICENTE,805,-2,-0.3797675399984947,39.468347371729244
2026-05-28 18:09:46,INTERIOR HOSPITAL GENERAL UNIVERSITARIO DE VALENCIA,263,-1,-0.41003739916241133,39.46857562682237
2026-05-28 18:09:46,PRIMADO REIG - A. CATALUÑA,603,-1,-0.3555432220290346,39.47943785905445
2026-05-28 18:09:46,PALACIO DE CONGRESOS,565,-2,-0.4010165750530795,39.497625591871355
2026-05-28 18:09:46,EXPLORADOR ANDRÉS - ENCARNA MÁÑEZ,617,-1,-0.3451930979828903,39.4715981587251
2026-05-28 18:09:46,APARCAMIENTOS LA FE,977,-1,-0.37639609443946365,39.44454573895219
2026-05-28 18:09:46,PASEO NEPTUNO - EUGENIA VIÑES,373,-1,-0.32353924076080165,39.46346133852086
2026-05-28 18:09:46,DR. WAKSMAN,380,-2,-0.37460970146155265,39.45652856310022
2026-05-28 18:09:46,TRES CREUS,220,-2,-0.4062124955883482,39.46859838280286
2026-05-28 18:09:46,PORTA DE LA MAR - COLON,201,120,-0.3681538558615269,39.47179650455632
2026-05-28 18:09:46,RUZAFA,173,92,-0.3714138570102912,39.46249777436399
2026-05-28 18:09:46,REINO DE VALENCIA ,192,0,-0.36876652001024524,39.464486259601976
2026-05-28 18:09:46,AVINGUDA DE L’OEST,257,82,-0.3798712802433029,39.47122430252716
2026-05-28 18:09:46,SEVERO OCHOA,371,335,-0.3641397437287907,39.477034045038
2026-05-28 18:09:46,ROIG ARENA,1034,800,-0.3672185242521055,39.451610949182275
2026-05-28 18:09:46,REINA ,207,16,-0.3755337454841827,39.474018649210635
2026-05-28 18:09:46,GLORIETA - PAZ,375,128,-0.36982637018307707,39.47368117165146
2026-05-28 18:09:46,PROFESOR TIERNO GALVÁN,375,46,-0.37126764227836423,39.48875134162354
2026-05-28 18:09:46,CENTRE HISTÒRIC-MERCAT CENTRAL,258,18,-0.3800475451927459,39.472802551757546
2026-05-28 20:43:05,PARKING CHILE - AV. ARAGÓN,527,-1,-0.3560615672255923,39.470666137134444
2026-05-28 20:43:05,PARKING NAVARRO LLORENS - ABASTOS,391,-1,-0.3876034010344055,39.46705538942175
2026-05-28 20:43:05,CONDE ALTEA - SALAMANCA - CANOVAS,399,-1,-0.36538984652184026,39.4678947721927
2026-05-28 20:43:05,MARTI GRAJALES (MERCADO DEL CABAÑAL),369,-1,-0.3331683457411016,39.468412338176336
2026-05-28 20:43:05,AVENIDA OESTE - S. AGUSTÍN - S. VICENTE,805,-2,-0.3797675399984947,39.468347371729244
2026-05-28 20:43:05,INTERIOR HOSPITAL GENERAL UNIVERSITARIO DE VALENCIA,263,-1,-0.41003739916241133,39.46857562682237
2026-05-28 20:43:05,PRIMADO REIG - A. CATALUÑA,603,-1,-0.3555432220290346,39.47943785905445
2026-05-28 20:43:05,PALACIO DE CONGRESOS,565,-2,-0.4010165750530795,39.497625591871355
2026-05-28 20:43:05,EXPLORADOR ANDRÉS - ENCARNA MÁÑEZ,617,-1,-0.3451930979828903,39.4715981587251
2026-05-28 20:43:05,APARCAMIENTOS LA FE,977,-1,-0.37639609443946365,39.44454573895219
2026-05-28 20:43:05,PASEO NEPTUNO - EUGENIA VIÑES,373,-1,-0.32353924076080165,39.46346133852086
2026-05-28 20:43:05,DR. WAKSMAN,380,-2,-0.37460970146155265,39.45652856310022
2026-05-28 20:43:05,TRES CREUS,220,-2,-0.4062124955883482,39.46859838280286
2026-05-28 20:43:05,PORTA DE LA MAR - COLON,201,120,-0.3681538558615269,39.47179650455632
2026-05-28 20:43:05,RUZAFA,173,92,-0.3714138570102912,39.46249777436399
2026-05-28 20:43:05,REINO DE VALENCIA ,192,0,-0.36876652001024524,39.464486259601976
2026-05-28 20:43:05,PROFESOR TIERNO GALVÁN,375,26,-0.37126764227836423,39.48875134162354
2026-05-28 20:43:05,GLORIETA - PAZ,375,212,-0.36982637018307707,39.47368117165146
2026-05-28 20:43:05,REINA ,207,58,-0.3755337454841827,39.474018649210635
2026-05-28 20:43:05,SEVERO OCHOA,371,345,-0.3641397437287907,39.477034045038
2026-05-28 20:43:05,AVINGUDA DE L’OEST,257,110,-0.3798712802433029,39.47122430252716
2026-05-28 20:43:05,ROIG ARENA,1034,988,-0.3672185242521055,39.451610949182275
2026-05-28 20:43:05,CENTRE HISTÒRIC-MERCAT CENTRAL,258,18,-0.3800475451927459,39.472802551757546
2026-05-28 22:40:18,PARKING CHILE - AV. ARAGÓN,527,-1,-0.3560615672255923,39.470666137134444
2026-05-28 22:40:18,PARKING NAVARRO LLORENS - ABASTOS,391,-1,-0.3876034010344055,39.46705538942175
2026-05-28 22:40:18,CONDE ALTEA - SALAMANCA - CANOVAS,399,-1,-0.36538984652184026,39.4678947721927
2026-05-28 22:40:18,MARTI GRAJALES (MERCADO DEL CABAÑAL),369,-1,-0.3331683457411016,39.468412338176336
2026-05-28 22:40:18,AVENIDA OESTE - S. AGUSTÍN - S. VICENTE,805,-2,-0.3797675399984947,39.468347371729244
2026-05-28 22:40:18,INTERIOR HOSPITAL GENERAL UNIVERSITARIO DE VALENCIA,263,-1,-0.41003739916241133,39.46857562682237
2026-05-28 22:40:18,PRIMADO REIG - A. CATALUÑA,603,-1,-0.3555432220290346,39.47943785905445
2026-05-28 22:40:18,PALACIO DE CONGRESOS,565,-2,-0.4010165750530795,39.497625591871355
2026-05-28 22:40:18,EXPLORADOR ANDRÉS - ENCARNA MÁÑEZ,617,-1,-0.3451930979828903,39.4715981587251
2026-05-28 22:40:18,APARCAMIENTOS LA FE,977,-1,-0.37639609443946365,39.44454573895219
2026-05-28 22:40:18,PASEO NEPTUNO - EUGENIA VIÑES,373,-1,-0.32353924076080165,39.46346133852086
2026-05-28 22:40:18,DR. WAKSMAN,380,-2,-0.37460970146155265,39.45652856310022
2026-05-28 22:40:18,TRES CREUS,220,-2,-0.4062124955883482,39.46859838280286
2026-05-28 22:40:18,PORTA DE LA MAR - COLON,201,120,-0.3681538558615269,39.47179650455632
2026-05-28 22:40:18,RUZAFA,173,92,-0.3714138570102912,39.46249777436399
2026-05-28 22:40:18,REINO DE VALENCIA ,192,0,-0.36876652001024524,39.464486259601976
2026-05-28 22:40:18,REINA ,207,137,-0.3755337454841827,39.474018649210635
2026-05-28 22:40:18,SEVERO OCHOA,371,352,-0.3641397437287907,39.477034045038
2026-05-28 22:40:18,AVINGUDA DE L’OEST,257,172,-0.3798712802433029,39.47122430252716
2026-05-28 22:40:18,ROIG ARENA,1034,1018,-0.3672185242521055,39.451610949182275
2026-05-28 22:40:18,GLORIETA - PAZ,375,259,-0.36982637018307707,39.47368117165146
2026-05-28 22:40:18,PROFESOR TIERNO GALVÁN,375,20,-0.37126764227836423,39.48875134162354
2026-05-28 22:40:18,CENTRE HISTÒRIC-MERCAT CENTRAL,258,18,-0.3800475451927459,39.472802551757546
2026-05-29 00:09:10,PARKING CHILE - AV. ARAGÓN,527,-1,-0.3560615672255923,39.470666137134444
2026-05-29 00:09:10,PARKING NAVARRO LLORENS - ABASTOS,391,-1,-0.3876034010344055,39.46705538942175
2026-05-29 00:09:10,CONDE ALTEA - SALAMANCA - CANOVAS,399,-1,-0.36538984652184026,39.4678947721927
2026-05-29 00:09:10,MARTI GRAJALES (MERCADO DEL CABAÑAL),369,-1,-0.3331683457411016,39.468412338176336
2026-05-29 00:09:10,AVENIDA OESTE - S. AGUSTÍN - S. VICENTE,805,-2,-0.3797675399984947,39.468347371729244
2026-05-29 00:09:10,INTERIOR HOSPITAL GENERAL UNIVERSITARIO DE VALENCIA,263,-1,-0.41003739916241133,39.46857562682237
2026-05-29 00:09:10,PRIMADO REIG - A. CATALUÑA,603,-1,-0.3555432220290346,39.47943785905445
2026-05-29 00:09:10,PALACIO DE CONGRESOS,565,-2,-0.4010165750530795,39.497625591871355
2026-05-29 00:09:10,EXPLORADOR ANDRÉS - ENCARNA MÁÑEZ,617,-1,-0.3451930979828903,39.4715981587251
2026-05-29 00:09:10,APARCAMIENTOS LA FE,977,-1,-0.37639609443946365,39.44454573895219
2026-05-29 00:09:10,PASEO NEPTUNO - EUGENIA VIÑES,373,-1,-0.32353924076080165,39.46346133852086
2026-05-29 00:09:10,DR. WAKSMAN,380,-2,-0.37460970146155265,39.45652856310022
2026-05-29 00:09:10,TRES CREUS,220,-2,-0.4062124955883482,39.46859838280286
2026-05-29 00:09:10,PORTA DE LA MAR - COLON,201,120,-0.3681538558615269,39.47179650455632
2026-05-29 00:09:10,RUZAFA,173,92,-0.3714138570102912,39.46249777436399
2026-05-29 00:09:10,REINO DE VALENCIA ,192,0,-0.36876652001024524,39.464486259601976
2026-05-29 00:09:10,SEVERO OCHOA,371,363,-0.3641397437287907,39.477034045038
2026-05-29 00:09:10,GLORIETA - PAZ,375,265,-0.36982637018307707,39.47368117165146
2026-05-29 00:09:10,PROFESOR TIERNO GALVÁN,375,17,-0.37126764227836423,39.48875134162354
2026-05-29 00:09:10,ROIG ARENA,1034,1027,-0.3672185242521055,39.451610949182275
2026-05-29 00:09:10,AVINGUDA DE L’OEST,257,174,-0.3798712802433029,39.47122430252716
2026-05-29 00:09:10,REINA ,207,141,-0.3755337454841827,39.474018649210635
2026-05-29 00:09:10,CENTRE HISTÒRIC-MERCAT CENTRAL,258,18,-0.3800475451927459,39.472802551757546
2026-05-29 04:52:32,PARKING CHILE - AV. ARAGÓN,527,-1,-0.3560615672255923,39.470666137134444
2026-05-29 04:52:32,PARKING NAVARRO LLORENS - ABASTOS,391,-1,-0.3876034010344055,39.46705538942175
2026-05-29 04:52:32,CONDE ALTEA - SALAMANCA - CANOVAS,399,-1,-0.36538984652184026,39.4678947721927
2026-05-29 04:52:32,MARTI GRAJALES (MERCADO DEL CABAÑAL),369,-1,-0.3331683457411016,39.468412338176336
2026-05-29 04:52:32,AVENIDA OESTE - S. AGUSTÍN - S. VICENTE,805,-2,-0.3797675399984947,39.468347371729244
2026-05-29 04:52:32,INTERIOR HOSPITAL GENERAL UNIVERSITARIO DE VALENCIA,263,-1,-0.41003739916241133,39.46857562682237
2026-05-29 04:52:32,PRIMADO REIG - A. CATALUÑA,603,-1,-0.3555432220290346,39.47943785905445
2026-05-29 04:52:32,PALACIO DE CONGRESOS,565,-2,-0.4010165750530795,39.497625591871355
2026-05-29 04:52:32,EXPLORADOR ANDRÉS - ENCARNA MÁÑEZ,617,-1,-0.3451930979828903,39.4715981587251
2026-05-29 04:52:32,APARCAMIENTOS LA FE,977,-1,-0.37639609443946365,39.44454573895219
2026-05-29 04:52:32,PASEO NEPTUNO - EUGENIA VIÑES,373,-1,-0.32353924076080165,39.46346133852086
2026-05-29 04:52:32,DR. WAKSMAN,380,-2,-0.37460970146155265,39.45652856310022
2026-05-29 04:52:32,TRES CREUS,220,-2,-0.4062124955883482,39.46859838280286
2026-05-29 04:52:32,PORTA DE LA MAR - COLON,201,120,-0.3681538558615269,39.47179650455632
2026-05-29 04:52:32,RUZAFA,173,92,-0.3714138570102912,39.46249777436399
2026-05-29 04:52:32,REINO DE VALENCIA ,192,0,-0.36876652001024524,39.464486259601976
2026-05-29 04:52:32,CENTRE HISTÒRIC-MERCAT CENTRAL,258,18,-0.3800475451927459,39.472802551757546
2026-05-29 04:52:32,ROIG ARENA,1034,1027,-0.3672185242521055,39.451610949182275
2026-05-29 04:52:32,AVINGUDA DE L’OEST,257,180,-0.3798712802433029,39.47122430252716
2026-05-29 04:52:32,GLORIETA - PAZ,375,265,-0.36982637018307707,39.47368117165146
2026-05-29 04:52:32,PROFESOR TIERNO GALVÁN,375,36,-0.37126764227836423,39.48875134162354
2026-05-29 04:52:32,REINA ,207,144,-0.3755337454841827,39.474018649210635
2026-05-29 04:52:32,SEVERO OCHOA,371,363,-0.3641397437287907,39.477034045038
2026-05-29 08:41:04,PARKING CHILE - AV. ARAGÓN,527,-1,-0.3560615672255923,39.470666137134444
2026-05-29 08:41:04,PARKING NAVARRO LLORENS - ABASTOS,391,-1,-0.3876034010344055,39.46705538942175
2026-05-29 08:41:04,CONDE ALTEA - SALAMANCA - CANOVAS,399,-1,-0.36538984652184026,39.4678947721927
2026-05-29 08:41:04,MARTI GRAJALES (MERCADO DEL CABAÑAL),369,-1,-0.3331683457411016,39.468412338176336
2026-05-29 08:41:04,AVENIDA OESTE - S. AGUSTÍN - S. VICENTE,805,-2,-0.3797675399984947,39.468347371729244
2026-05-29 08:41:04,INTERIOR HOSPITAL GENERAL UNIVERSITARIO DE VALENCIA,263,-1,-0.41003739916241133,39.46857562682237
2026-05-29 08:41:04,PRIMADO REIG - A. CATALUÑA,603,-1,-0.3555432220290346,39.47943785905445
2026-05-29 08:41:04,PALACIO DE CONGRESOS,565,-2,-0.4010165750530795,39.497625591871355
2026-05-29 08:41:04,EXPLORADOR ANDRÉS - ENCARNA MÁÑEZ,617,-1,-0.3451930979828903,39.4715981587251
2026-05-29 08:41:04,APARCAMIENTOS LA FE,977,-1,-0.37639609443946365,39.44454573895219
2026-05-29 08:41:04,PASEO NEPTUNO - EUGENIA VIÑES,373,-1,-0.32353924076080165,39.46346133852086
2026-05-29 08:41:04,DR. WAKSMAN,380,-2,-0.37460970146155265,39.45652856310022
2026-05-29 08:41:04,TRES CREUS,220,-2,-0.4062124955883482,39.46859838280286
2026-05-29 08:41:04,PORTA DE LA MAR - COLON,201,120,-0.3681538558615269,39.47179650455632
2026-05-29 08:41:04,RUZAFA,173,92,-0.3714138570102912,39.46249777436399
2026-05-29 08:41:04,REINO DE VALENCIA ,192,0,-0.36876652001024524,39.464486259601976
2026-05-29 08:41:04,CENTRE HISTÒRIC-MERCAT CENTRAL,258,18,-0.3800475451927459,39.472802551757546
2026-05-29 08:41:04,ROIG ARENA,1034,1030,-0.3672185242521055,39.451610949182275
2026-05-29 08:41:04,AVINGUDA DE L’OEST,257,24,-0.3798712802433029,39.47122430252716
2026-05-29 08:41:04,REINA ,207,0,-0.3755337454841827,39.474018649210635
2026-05-29 08:41:04,GLORIETA - PAZ,375,10,-0.36982637018307707,39.47368117165146
2026-05-29 08:41:04,PROFESOR TIERNO GALVÁN,375,79,-0.37126764227836423,39.48875134162354
2026-05-29 08:41:04,SEVERO OCHOA,371,114,-0.3641397437287907,39.477034045038
2026-05-29 12:14:03,PARKING CHILE - AV. ARAGÓN,527,-1,-0.3560615672255923,39.470666137134444
2026-05-29 12:14:03,PARKING NAVARRO LLORENS - ABASTOS,391,-1,-0.3876034010344055,39.46705538942175
2026-05-29 12:14:03,CONDE ALTEA - SALAMANCA - CANOVAS,399,-1,-0.36538984652184026,39.4678947721927
2026-05-29 12:14:03,MARTI GRAJALES (MERCADO DEL CABAÑAL),369,-1,-0.3331683457411016,39.468412338176336
2026-05-29 12:14:03,AVENIDA OESTE - S. AGUSTÍN - S. VICENTE,805,-2,-0.3797675399984947,39.468347371729244
2026-05-29 12:14:03,INTERIOR HOSPITAL GENERAL UNIVERSITARIO DE VALENCIA,263,-1,-0.41003739916241133,39.46857562682237
2026-05-29 12:14:03,PRIMADO REIG - A. CATALUÑA,603,-1,-0.3555432220290346,39.47943785905445
2026-05-29 12:14:03,PALACIO DE CONGRESOS,565,-2,-0.4010165750530795,39.497625591871355
2026-05-29 12:14:03,EXPLORADOR ANDRÉS - ENCARNA MÁÑEZ,617,-1,-0.3451930979828903,39.4715981587251
2026-05-29 12:14:03,APARCAMIENTOS LA FE,977,-1,-0.37639609443946365,39.44454573895219
2026-05-29 12:14:03,PASEO NEPTUNO - EUGENIA VIÑES,373,-1,-0.32353924076080165,39.46346133852086
2026-05-29 12:14:03,DR. WAKSMAN,380,-2,-0.37460970146155265,39.45652856310022
2026-05-29 12:14:03,TRES CREUS,220,-2,-0.4062124955883482,39.46859838280286
2026-05-29 12:14:03,PORTA DE LA MAR - COLON,201,120,-0.3681538558615269,39.47179650455632
2026-05-29 12:14:03,RUZAFA,173,92,-0.3714138570102912,39.46249777436399
2026-05-29 12:14:03,REINO DE VALENCIA ,192,0,-0.36876652001024524,39.464486259601976
2026-05-29 12:14:03,CENTRE HISTÒRIC-MERCAT CENTRAL,258,18,-0.3800475451927459,39.472802551757546
2026-05-29 12:14:03,AVINGUDA DE L’OEST,257,64,-0.3798712802433029,39.47122430252716
2026-05-29 12:14:03,SEVERO OCHOA,371,251,-0.3641397437287907,39.477034045038
2026-05-29 12:14:03,PROFESOR TIERNO GALVÁN,375,75,-0.37126764227836423,39.48875134162354
2026-05-29 12:14:03,ROIG ARENA,1034,1026,-0.3672185242521055,39.451610949182275
2026-05-29 12:14:03,GLORIETA - PAZ,375,78,-0.36982637018307707,39.47368117165146
2026-05-29 12:14:03,REINA ,207,5,-0.3755337454841827,39.474018649210635
2026-05-29 16:14:37,PARKING CHILE - AV. ARAGÓN,527,-1,-0.3560615672255923,39.470666137134444
2026-05-29 16:14:37,PARKING NAVARRO LLORENS - ABASTOS,391,-1,-0.3876034010344055,39.46705538942175
2026-05-29 16:14:37,CONDE ALTEA - SALAMANCA - CANOVAS,399,-1,-0.36538984652184026,39.4678947721927
2026-05-29 16:14:37,MARTI GRAJALES (MERCADO DEL CABAÑAL),369,-1,-0.3331683457411016,39.468412338176336
2026-05-29 16:14:37,AVENIDA OESTE - S. AGUSTÍN - S. VICENTE,805,-2,-0.3797675399984947,39.468347371729244
2026-05-29 16:14:37,INTERIOR HOSPITAL GENERAL UNIVERSITARIO DE VALENCIA,263,-1,-0.41003739916241133,39.46857562682237
2026-05-29 16:14:37,PRIMADO REIG - A. CATALUÑA,603,-1,-0.3555432220290346,39.47943785905445
2026-05-29 16:14:37,PALACIO DE CONGRESOS,565,-2,-0.4010165750530795,39.497625591871355
2026-05-29 16:14:37,EXPLORADOR ANDRÉS - ENCARNA MÁÑEZ,617,-1,-0.3451930979828903,39.4715981587251
2026-05-29 16:14:37,APARCAMIENTOS LA FE,977,-1,-0.37639609443946365,39.44454573895219
2026-05-29 16:14:37,PASEO NEPTUNO - EUGENIA VIÑES,373,-1,-0.32353924076080165,39.46346133852086
2026-05-29 16:14:37,DR. WAKSMAN,380,-2,-0.37460970146155265,39.45652856310022
2026-05-29 16:14:37,TRES CREUS,220,-2,-0.4062124955883482,39.46859838280286
2026-05-29 16:14:37,PORTA DE LA MAR - COLON,201,120,-0.3681538558615269,39.47179650455632
2026-05-29 16:14:37,RUZAFA,173,92,-0.3714138570102912,39.46249777436399
2026-05-29 16:14:37,REINO DE VALENCIA ,192,0,-0.36876652001024524,39.464486259601976
2026-05-29 16:14:37,CENTRE HISTÒRIC-MERCAT CENTRAL,258,18,-0.3800475451927459,39.472802551757546
2026-05-29 16:14:37,AVINGUDA DE L’OEST,257,58,-0.3798712802433029,39.47122430252716
2026-05-29 16:14:37,SEVERO OCHOA,371,276,-0.3641397437287907,39.477034045038
2026-05-29 16:14:37,PROFESOR TIERNO GALVÁN,375,50,-0.37126764227836423,39.48875134162354
2026-05-29 16:14:37,ROIG ARENA,1034,1021,-0.3672185242521055,39.451610949182275
2026-05-29 16:14:37,GLORIETA - PAZ,375,143,-0.36982637018307707,39.47368117165146
2026-05-29 16:14:37,REINA ,207,1,-0.3755337454841827,39.474018649210635
2026-05-29 19:08:01,PARKING CHILE - AV. ARAGÓN,527,-1,-0.3560615672255923,39.470666137134444
2026-05-29 19:08:01,PARKING NAVARRO LLORENS - ABASTOS,391,-1,-0.3876034010344055,39.46705538942175
2026-05-29 19:08:01,CONDE ALTEA - SALAMANCA - CANOVAS,399,-1,-0.36538984652184026,39.4678947721927
2026-05-29 19:08:01,MARTI GRAJALES (MERCADO DEL CABAÑAL),369,-1,-0.3331683457411016,39.468412338176336
2026-05-29 19:08:01,AVENIDA OESTE - S. AGUSTÍN - S. VICENTE,805,-2,-0.3797675399984947,39.468347371729244
2026-05-29 19:08:01,INTERIOR HOSPITAL GENERAL UNIVERSITARIO DE VALENCIA,263,-1,-0.41003739916241133,39.46857562682237
2026-05-29 19:08:01,PRIMADO REIG - A. CATALUÑA,603,-1,-0.3555432220290346,39.47943785905445
2026-05-29 19:08:01,PALACIO DE CONGRESOS,565,-2,-0.4010165750530795,39.497625591871355
2026-05-29 19:08:01,EXPLORADOR ANDRÉS - ENCARNA MÁÑEZ,617,-1,-0.3451930979828903,39.4715981587251
2026-05-29 19:08:01,APARCAMIENTOS LA FE,977,-1,-0.37639609443946365,39.44454573895219
2026-05-29 19:08:01,PASEO NEPTUNO - EUGENIA VIÑES,373,-1,-0.32353924076080165,39.46346133852086
2026-05-29 19:08:01,DR. WAKSMAN,380,-2,-0.37460970146155265,39.45652856310022
2026-05-29 19:08:01,TRES CREUS,220,-2,-0.4062124955883482,39.46859838280286
2026-05-29 19:08:01,PORTA DE LA MAR - COLON,201,120,-0.3681538558615269,39.47179650455632
2026-05-29 19:08:01,RUZAFA,173,92,-0.3714138570102912,39.46249777436399
2026-05-29 19:08:01,REINO DE VALENCIA ,192,0,-0.36876652001024524,39.464486259601976
2026-05-29 19:08:01,CENTRE HISTÒRIC-MERCAT CENTRAL,258,18,-0.3800475451927459,39.472802551757546
2026-05-29 19:08:01,AVINGUDA DE L’OEST,257,114,-0.3798712802433029,39.47122430252716
2026-05-29 19:08:01,SEVERO OCHOA,371,297,-0.3641397437287907,39.477034045038
2026-05-29 19:08:01,ROIG ARENA,1034,296,-0.3672185242521055,39.451610949182275
2026-05-29 19:08:01,PROFESOR TIERNO GALVÁN,375,28,-0.37126764227836423,39.48875134162354
2026-05-29 19:08:01,GLORIETA - PAZ,375,121,-0.36982637018307707,39.47368117165146
2026-05-29 19:08:01,REINA ,207,0,-0.3755337454841827,39.474018649210635
2026-05-29 21:21:47,PARKING CHILE - AV. ARAGÓN,527,-1,-0.3560615672255923,39.470666137134444
2026-05-29 21:21:47,PARKING NAVARRO LLORENS - ABASTOS,391,-1,-0.3876034010344055,39.46705538942175
2026-05-29 21:21:47,CONDE ALTEA - SALAMANCA - CANOVAS,399,-1,-0.36538984652184026,39.4678947721927
2026-05-29 21:21:47,MARTI GRAJALES (MERCADO DEL CABAÑAL),369,-1,-0.3331683457411016,39.468412338176336
2026-05-29 21:21:47,AVENIDA OESTE - S. AGUSTÍN - S. VICENTE,805,-2,-0.3797675399984947,39.468347371729244
2026-05-29 21:21:47,INTERIOR HOSPITAL GENERAL UNIVERSITARIO DE VALENCIA,263,-1,-0.41003739916241133,39.46857562682237
2026-05-29 21:21:47,PRIMADO REIG - A. CATALUÑA,603,-1,-0.3555432220290346,39.47943785905445
2026-05-29 21:21:47,PALACIO DE CONGRESOS,565,-2,-0.4010165750530795,39.497625591871355
2026-05-29 21:21:47,EXPLORADOR ANDRÉS - ENCARNA MÁÑEZ,617,-1,-0.3451930979828903,39.4715981587251
2026-05-29 21:21:47,APARCAMIENTOS LA FE,977,-1,-0.37639609443946365,39.44454573895219
2026-05-29 21:21:47,PASEO NEPTUNO - EUGENIA VIÑES,373,-1,-0.32353924076080165,39.46346133852086
2026-05-29 21:21:47,DR. WAKSMAN,380,-2,-0.37460970146155265,39.45652856310022
2026-05-29 21:21:47,TRES CREUS,220,-2,-0.4062124955883482,39.46859838280286
2026-05-29 21:21:47,PORTA DE LA MAR - COLON,201,120,-0.3681538558615269,39.47179650455632
2026-05-29 21:21:47,RUZAFA,173,92,-0.3714138570102912,39.46249777436399
2026-05-29 21:21:47,REINO DE VALENCIA ,192,0,-0.36876652001024524,39.464486259601976
2026-05-29 21:21:47,CENTRE HISTÒRIC-MERCAT CENTRAL,258,18,-0.3800475451927459,39.472802551757546
2026-05-29 21:21:47,SEVERO OCHOA,371,302,-0.3641397437287907,39.477034045038
2026-05-29 21:21:47,AVINGUDA DE L’OEST,257,113,-0.3798712802433029,39.47122430252716
2026-05-29 21:21:47,ROIG ARENA,1034,998,-0.3672185242521055,39.451610949182275
2026-05-29 21:21:47,PROFESOR TIERNO GALVÁN,375,17,-0.37126764227836423,39.48875134162354
2026-05-29 21:21:47,GLORIETA - PAZ,375,160,-0.36982637018307707,39.47368117165146
2026-05-29 21:21:47,REINA ,207,38,-0.3755337454841827,39.474018649210635
2026-05-29 22:50:20,PARKING CHILE - AV. ARAGÓN,527,-1,-0.3560615672255923,39.470666137134444
2026-05-29 22:50:20,PARKING NAVARRO LLORENS - ABASTOS,391,-1,-0.3876034010344055,39.46705538942175
2026-05-29 22:50:20,CONDE ALTEA - SALAMANCA - CANOVAS,399,-1,-0.36538984652184026,39.4678947721927
2026-05-29 22:50:20,MARTI GRAJALES (MERCADO DEL CABAÑAL),369,-1,-0.3331683457411016,39.468412338176336
2026-05-29 22:50:20,AVENIDA OESTE - S. AGUSTÍN - S. VICENTE,805,-2,-0.3797675399984947,39.468347371729244
2026-05-29 22:50:20,INTERIOR HOSPITAL GENERAL UNIVERSITARIO DE VALENCIA,263,-1,-0.41003739916241133,39.46857562682237
2026-05-29 22:50:20,PRIMADO REIG - A. CATALUÑA,603,-1,-0.3555432220290346,39.47943785905445
2026-05-29 22:50:20,PALACIO DE CONGRESOS,565,-2,-0.4010165750530795,39.497625591871355
2026-05-29 22:50:20,EXPLORADOR ANDRÉS - ENCARNA MÁÑEZ,617,-1,-0.3451930979828903,39.4715981587251
2026-05-29 22:50:20,APARCAMIENTOS LA FE,977,-1,-0.37639609443946365,39.44454573895219
2026-05-29 22:50:20,PASEO NEPTUNO - EUGENIA VIÑES,373,-1,-0.32353924076080165,39.46346133852086
2026-05-29 22:50:20,DR. WAKSMAN,380,-2,-0.37460970146155265,39.45652856310022
2026-05-29 22:50:20,TRES CREUS,220,-2,-0.4062124955883482,39.46859838280286
2026-05-29 22:50:20,PORTA DE LA MAR - COLON,201,120,-0.3681538558615269,39.47179650455632
2026-05-29 22:50:20,RUZAFA,173,92,-0.3714138570102912,39.46249777436399
2026-05-29 22:50:20,REINO DE VALENCIA ,192,0,-0.36876652001024524,39.464486259601976
2026-05-29 22:50:20,CENTRE HISTÒRIC-MERCAT CENTRAL,258,18,-0.3800475451927459,39.472802551757546
2026-05-29 22:50:20,AVINGUDA DE L’OEST,257,160,-0.3798712802433029,39.47122430252716
2026-05-29 22:50:20,SEVERO OCHOA,371,317,-0.3641397437287907,39.477034045038
2026-05-29 22:50:20,ROIG ARENA,1034,1032,-0.3672185242521055,39.451610949182275
2026-05-29 22:50:20,PROFESOR TIERNO GALVÁN,375,23,-0.37126764227836423,39.48875134162354
2026-05-29 22:50:20,GLORIETA - PAZ,375,214,-0.36982637018307707,39.47368117165146
2026-05-29 22:50:20,REINA ,207,97,-0.3755337454841827,39.474018649210635
